"course_id","user_id","enrolled","enrollment_id"
"8e42abe73fde3115065d79784ecf8bf5","000012232",1,"8f9d0ddf5d492c4934728195d57bc245"
"f88458233ed35e86395e6920bacad35a","000042782",1,"004ee46ac10f63126e44e6a4b28654b2"
"76dc32a049670ff33636396b6a148030","000041651",1,"8a22793d8c2a83a4a26eaa26a48af78e"
"6ee5fa583de16915691122714514c7b0","000059825",1,"011f846f80982c580002a764c01c99da"
"6ce7e77344ab9981362b0d2be606df69","000059929",1,"3e6ac27e55054312f2468f4f6137b4c4"
"035a5f01ebe9d366bc66c8d9aa361d11","000060124",1,"53f51c2fb352208adec45f2c824e9d96"
"ba5f8970d68351d074919fb9fa1adf70","000070251",1,"6ff2a1d31c6ca9e9261dbad851a87cbe"
"ba5f8970d68351d074919fb9fa1adf70","000060553",1,"452b7854feb0611d5667c639a79bc72d"
"e9bb89d4729e18d82bfe6186f95439ce","000071005",1,"02cd955af848e9b5ae7acffb1c520155"
"0f2f46234928dcce73ec5dbb683bd17a","000061216",1,"e086c561b28c9945622fd53ce4cfb300"
"2b65538d4f0c25beee6e5c46e6f90269","000061242",1,"12c243d88870af5bfdcd33be204a2521"
"2bc268ed04a0a3d541055ffb57194513","000071122",1,"197a5bee978ad89e6035418979ff4b80"
"8e42abe73fde3115065d79784ecf8bf5","000053572",1,"ba7df2c588d70578dd7325a903014b77"
"7acc931bb82f16387fb1f227f6ccfac4","000061502",1,"80d785742dd4be8979c46fa0334c55cd"
"3637c95b1f434ff8e5214cbc505f71ee","000072058",1,"a33c782acf3f1d4d69d01028e9bd645a"
"caf75e47cd29520fc2f5986e172fb056","000051258",1,"81786d25e20efb14e722d64d48ead6d6"
"1119b680e31631594a87f5d41bed7127","000054638",1,"19675d607ff572aef663e5366aa0c799"
"d2d59a5b9d84ed52d847568f5044bc8a","000072669",1,"5c75c0608e138656fdc4655da616b769"
"f0b6ab0b0340041e4f5ccef642294001","000051284",1,"a8d0fdcc221776bae827db7f4fa84f8d"
"d4683f35e9cf2a9133dd4ee6da413dd0","000051284",1,"eb571a544b6c9ec2aa23bc9280f88c67"
"b91e5616bb6e429a732d1043b526af0b","000073254",1,"6cbea1256aee43272b9d1fe7c70c677b"
"b91e5616bb6e429a732d1043b526af0b","000055821",1,"46bd638a46f3f64fc5745be9327b6919"
"035a5f01ebe9d366bc66c8d9aa361d11","000063101",1,"9b460686f981237d2586fb96b0160426"
"bb39647c56bfad8ec8edfe56b1ec5bac","000073969",1,"880d6b91cb833af326e8f65130f77226"
"e56006144450b9593931a3af0a462d20","000074086",1,"6cf386068a0df6c1c3a0a6f35dc8b8b9"
"e69c66f433ddec087fa8ffa725205014","000055912",1,"f6bb3d2445a8584ca8604ab64ccb126b"
"4efbbb55ddc5b0f2f4717b6e20f8444f","000055951",1,"c5e5f0b3d2ca9ce4fb101dd1b41f8c8a"
"a062fda62edb9dca5fcc3c6f789e7bf2","000055951",1,"09898f3e02a94ca677f8cb5253fab586"
"0f2f46234928dcce73ec5dbb683bd17a","000056211",1,"7c35e55cf5123ed20d1a4deb2912562d"
"bb39647c56bfad8ec8edfe56b1ec5bac","000056224",1,"25e63b2901d27c24963feff6c1bfcacd"
"26be60f7709833fedbd974d7e977934b","000064778",1,"6b696b52c6743e6e89b9e9bf247a0e70"
"62929c2bd8065e7bfcbf9e0b6ba67593","000056705",1,"9af3e19da3bc1e679236fb0a02b6cd2f"
"486ab8a10dfe09c5573113a7cfba607f","000056705",1,"f89da1fe7759c2216a8bf22a173a930b"
"528e079f134eda2cf62a67d18d65da9e","000065636",1,"e344a9733155c351e0f8d5bb998274e2"
"1549a99651f9094fbdef430192424c81","000050465",1,"dcc494169699f06b8ad62e96ef8d73de"
"6ee5fa583de16915691122714514c7b0","000057277",1,"795ef9e3ceaedeac4f21eec623ea3dd4"
"ba5f8970d68351d074919fb9fa1adf70","000066260",1,"032c45227c8b482fb85bd67b877eb312"
"cc4a9dffd8b714efd9722faf9f983979","000066299",1,"50f1edca91e78c86d9024b47f53e043d"
"e9bb89d4729e18d82bfe6186f95439ce","000067651",1,"3403796163d5a944de86fc06a25abcbd"
"cc4a9dffd8b714efd9722faf9f983979","000051817",1,"7139ba1b75ce3ad8cab556f0d885607b"
"8c35bd2b1c889b34210b6f39bf9b30b2","000058291",1,"5b02762b6862ad7259d2113f7657091b"
"0f2f46234928dcce73ec5dbb683bd17a","000058668",1,"b0712b0a88533891159f3eefcb8fa4cf"
"a7095c3e2ced5b12fa14ae4e2a01cc22","000068639",1,"a6ef39a85b2d2336ebbb178b2f43b03e"
"2bc268ed04a0a3d541055ffb57194513","000068639",1,"062d7bb07e6ce0b2cc40962e559d8a0d"
"f88458233ed35e86395e6920bacad35a","000068808",1,"1a3e3dd3448b8a6091e42a466f40b40a"
"f88458233ed35e86395e6920bacad35a","000052077",1,"5b03be86d1e6e821577a6b4c6ef52ee8"
"1549a99651f9094fbdef430192424c81","000050114",1,"740576fab9c30971b992c21ac998fbe3"
"a7095c3e2ced5b12fa14ae4e2a01cc22","000050127",1,"73962de19dcc0e0698fcff931b944983"
"bb39647c56bfad8ec8edfe56b1ec5bac","000046929",1,"690bdeff90dfab9315e5607edc8390b9"
"ff20fc37917757d5a87ff2afba98848f","000048944",1,"e514801ca07460dc41b0d455be28d8ed"
"528e079f134eda2cf62a67d18d65da9e","000046266",1,"cb1058f9ebd5ad0844d33cfcf47bdfba"
"ff00d21042633c9728538e4595c8bf1b","000046331",1,"1c10f463049f3494309e66b3382e38da"
"1549a99651f9094fbdef430192424c81","000049438",1,"5000056351fbd1ca87b198ed157feae5"
"caf75e47cd29520fc2f5986e172fb056","000182181",1,"6c6b350421c2212ebcb253f1b7a0e051"
"26be60f7709833fedbd974d7e977934b","000182636",1,"4689a463911ef0ef2a04093b535f4ead"
"ba5f8970d68351d074919fb9fa1adf70","000182792",1,"c405f4f5e2885001946fa9e319e7375b"
"7acc931bb82f16387fb1f227f6ccfac4","000146210",1,"c31aeb5a71eb3b374dabc176847286d8"
"528e079f134eda2cf62a67d18d65da9e","000184560",1,"935abf06a342582a99d3b3d9d1f9c9f1"
"6ce7e77344ab9981362b0d2be606df69","000184885",1,"14921802af5f5bfc02958aadf32d56ab"
"ff00d21042633c9728538e4595c8bf1b","000148017",1,"1a31a3280b04ef7b933788a63028e110"
"b79695759026c4e4fc95f08dc51e0bd1","000163773",1,"3cdbdd075f72f6bf40ba9895593a7937"
"ba5f8970d68351d074919fb9fa1adf70","000163812",1,"b1affae0e79de7b36889fc4c485047f7"
"0f2f46234928dcce73ec5dbb683bd17a","000165021",1,"df173cd8a4622a36f7bd30f4e4b02f4a"
"caf75e47cd29520fc2f5986e172fb056","000165125",1,"a71eb9e3acecc76b19c1409d001f19cd"
"035a5f01ebe9d366bc66c8d9aa361d11","000185145",1,"71eac29d6fdc75cd1feebd6b13754a43"
"0f2f46234928dcce73ec5dbb683bd17a","000186055",1,"53a39258b63e646e5c93796737373137"
"bb39647c56bfad8ec8edfe56b1ec5bac","000134393",1,"af4e87bb7f389f6db46edf76f16cf973"
"528e079f134eda2cf62a67d18d65da9e","000148030",1,"7342942937e007af1383fc39a7991113"
"beab53b781babc3f7d760bd73569c6bc","000166217",1,"d16a455bf508541de5b2d18909a1b71f"
"0f2f46234928dcce73ec5dbb683bd17a","000166269",1,"0c373d9e1bb92293c8f21c5cf09fb093"
"6ee5fa583de16915691122714514c7b0","000166607",1,"7a1e613f5f9f4e1eee7c132966e205e4"
"528e079f134eda2cf62a67d18d65da9e","000186809",1,"06129ed72a2a714d20ab152274b24ded"
"8c35bd2b1c889b34210b6f39bf9b30b2","000187030",1,"e530b6d9507e785e3f9e5b7ebe6866b3"
"1549a99651f9094fbdef430192424c81","000187030",1,"2cc027377c667c4efa72e9d2cb5ae9c4"
"7acc931bb82f16387fb1f227f6ccfac4","000149304",1,"8402cdfba6719d6330a5c9ab652b969f"
"b91e5616bb6e429a732d1043b526af0b","000167426",1,"867de2ee4e5b1bf41d9356b7ee2a7631"
"8e42abe73fde3115065d79784ecf8bf5","000167452",1,"c0246fadcf6ed07552b082a25962ae4c"
"e69c66f433ddec087fa8ffa725205014","000187797",1,"c73a083684cdc6f45af0b219d8b02698"
"caf75e47cd29520fc2f5986e172fb056","000134913",1,"cb309b3755ac979be6e5565bfd84e29b"
"26be60f7709833fedbd974d7e977934b","000135537",1,"a3ca6baef7c8e2f3c4e3bb5e7ffa7102"
"528e079f134eda2cf62a67d18d65da9e","000135537",1,"0a1c4a7281fd4b6ec4848b4abd6accaf"
"7acc931bb82f16387fb1f227f6ccfac4","000150708",1,"b3335b01bdad127f13d0c47e9f50d650"
"3637c95b1f434ff8e5214cbc505f71ee","000189435",1,"977eb0fa29440444b47cf52b2d06e8cf"
"8e42abe73fde3115065d79784ecf8bf5","000136447",1,"5177a458148cc4c01dce3236d4f7ce6c"
"ba5f8970d68351d074919fb9fa1adf70","000152229",1,"a2c3635ea6ca1694445b7688d0171bfc"
"2bc268ed04a0a3d541055ffb57194513","000170650",1,"5299e6aa083d046e536c98e27424de0d"
"a7095c3e2ced5b12fa14ae4e2a01cc22","000171170",1,"9cdcc301750ca6db2ba2d3b2a0da1d52"
"8943316de06f61be2c2d0dc64c481ed6","000123109",1,"fdcbec385731b8ab136c3ab6382b8cb0"
"7acc931bb82f16387fb1f227f6ccfac4","000123668",1,"46b7e12d4b62572b527686fb789d57b4"
"b91e5616bb6e429a732d1043b526af0b","000153516",1,"6fc974d166483220fd116e5602c473f9"
"528e079f134eda2cf62a67d18d65da9e","000171339",1,"d00837429e654d5f194031922873618e"
"0f2f46234928dcce73ec5dbb683bd17a","000171365",1,"cb78b2f480a271e4d61c05277a2f5161"
"e9bb89d4729e18d82bfe6186f95439ce","000171846",1,"5e16bdecb0ba28982f8684bb8fe5cf58"
"e9bb89d4729e18d82bfe6186f95439ce","000124474",1,"bd013fcb6e03091b65cc5601577928d4"
"2bc268ed04a0a3d541055ffb57194513","000154075",1,"e52a87f9d9820935559a9cb8907694f8"
"cc4a9dffd8b714efd9722faf9f983979","000154504",1,"2bc8a8cb4061cd4b678a79574c5b7694"
"359c9364ee10e8b1612576a7a9c80225","000172561",1,"0c0d8baa9806b5a0865d2676e3461212"
"035a5f01ebe9d366bc66c8d9aa361d11","000125800",1,"3153893d09a051a0591d3b7328a48b28"
"7acc931bb82f16387fb1f227f6ccfac4","000139723",1,"4fdd9f47d1d4558f9cfadb944d009afc"
"7acc931bb82f16387fb1f227f6ccfac4","000140165",1,"45745ec92875504185995728afc60ec0"
"6ee5fa583de16915691122714514c7b0","000155479",1,"f2a3c2e867722208a5d7be1394b4d59a"
"8943316de06f61be2c2d0dc64c481ed6","000173250",1,"b8a295d1b0bca131d589fbdc4356d8aa"
"035a5f01ebe9d366bc66c8d9aa361d11","000173484",1,"ec6c87f293741b5b95b72570882419d7"
"caf75e47cd29520fc2f5986e172fb056","000173510",1,"4135278911b3af7947c19370b66e623f"
"76dc32a049670ff33636396b6a148030","000156428",1,"cf44f6f8d6cc7b87d1a0624a034a76c1"
"d2d59a5b9d84ed52d847568f5044bc8a","000173939",1,"0e166c17d7750ae71de11c6e3ab28f8e"
"3637c95b1f434ff8e5214cbc505f71ee","000173939",1,"aae12e29f3d8f09b96668f188d250b43"
"bb39647c56bfad8ec8edfe56b1ec5bac","000142622",1,"fbc1d6f14b585064418eefc4d8cf81d5"
"d2d59a5b9d84ed52d847568f5044bc8a","000157845",1,"9e08a82544ccee94ecc7c40802c757fc"
"d2d59a5b9d84ed52d847568f5044bc8a","000158339",1,"099d15d9abc61f9b10cf52513d38efd7"
"e56006144450b9593931a3af0a462d20","000175993",1,"18272203c426e93d3c7eb54acd962d87"
"ba5f8970d68351d074919fb9fa1adf70","000128322",1,"b7b0ba3a27c08b762f103e11a124fd84"
"6ee5fa583de16915691122714514c7b0","000143454",1,"e164ad204357a5ec48c4acf2678ecbc0"
"26be60f7709833fedbd974d7e977934b","000143688",1,"c505c3fcd2b31ceb6f7bf35ee87a83f7"
"f88458233ed35e86395e6920bacad35a","000159262",1,"f385844d8e9f5b755d05800c58629476"
"7acc931bb82f16387fb1f227f6ccfac4","000177397",1,"7e551756aef1c6b02e32ef4915c3010f"
"e9bb89d4729e18d82bfe6186f95439ce","000144650",1,"d34543e519f1519b3feee214f4bfed41"
"b91e5616bb6e429a732d1043b526af0b","000159340",1,"c1638accb98f49dd61830d4cd4d2a2f0"
"06fced581761312144a52662d177a750","000179906",1,"c559ef2c6d9c64fd0a10413ef91b0447"
"e69c66f433ddec087fa8ffa725205014","000129154",1,"030729f880618ab86ac3d55f985935ce"
"7acc931bb82f16387fb1f227f6ccfac4","000129323",1,"33550cc716d639295bd379adc75ad370"
"029d50d360d514fe2c959858c3a68f0a","000160731",1,"960949e0b3cb9b8b61871b5b51396362"
"6ee5fa583de16915691122714514c7b0","000160848",1,"cff00423362d39453cf5f38953e227f1"
"6ce7e77344ab9981362b0d2be606df69","000161056",1,"e666d9a51c1099128fd998186c283a62"
"beab53b781babc3f7d760bd73569c6bc","000130246",1,"e8fcc108efd031c2dfd8be290983c8fc"
"fac6504a36906835dcddd1380cb38d9e","000104012",1,"8fe6601cfe8075513e5e351357bc0d49"
"6ee5fa583de16915691122714514c7b0","000091610",1,"46f7dd0b4f2352b88eb09daefc37f8ae"
"ff00d21042633c9728538e4595c8bf1b","000091961",1,"8ff625e962d8c929f89120b008aaefae"
"ff20fc37917757d5a87ff2afba98848f","000104324",1,"260529213f4d5a1fd78208ecf2e46f36"
"fac6504a36906835dcddd1380cb38d9e","000118169",1,"8e6358e5b79af84d070ac25163baf538"
"a7095c3e2ced5b12fa14ae4e2a01cc22","000118299",1,"104b727fee43b9ab6036451fa50b6c37"
"f88458233ed35e86395e6920bacad35a","000080768",1,"90754d1abc3564ae36743b74eb482949"
"ba5f8970d68351d074919fb9fa1adf70","000080833",1,"dd5af18355bf5c1f5803fa5d7f69a93a"
"7acc931bb82f16387fb1f227f6ccfac4","000119274",1,"bc43af7ce71641ed0a388c2d0016e9f6"
"fac6504a36906835dcddd1380cb38d9e","000080950",1,"2376c34709563b97f5f5130800238f48"
"2bc268ed04a0a3d541055ffb57194513","000081093",1,"715ac2fc6d12e38fd983698ac370f8b8"
"b91e5616bb6e429a732d1043b526af0b","000092377",1,"485538b7ccbad3b7910612d2073722e7"
"b79695759026c4e4fc95f08dc51e0bd1","000093001",1,"7e8d45175854285ef18a81098b34d813"
"1aaafabda071d938ff29374cf9f2078c","000105481",1,"049a397d32ba67b1931b5624368ab63b"
"fac6504a36906835dcddd1380cb38d9e","000105819",1,"e51391dfa24a28065477ef0b6dfedc73"
"26be60f7709833fedbd974d7e977934b","000105845",1,"c59964b50c881c758062ea1bafacabd4"
"ff20fc37917757d5a87ff2afba98848f","000106235",1,"0c0c6b2b6b28a5ca4b4e8a5ec09bc6bc"
"3637c95b1f434ff8e5214cbc505f71ee","000081834",1,"f59cc21fb601b1814dcd4cd85a6a3bf7"
"1119b680e31631594a87f5d41bed7127","000093521",1,"b5b0c70c1c80ca55fd6802b16595f8d4"
"a062fda62edb9dca5fcc3c6f789e7bf2","000094353",1,"22ef9b110ec0a7d9014e51c0e34bb58e"
"a7095c3e2ced5b12fa14ae4e2a01cc22","000107002",1,"2e784ea5d9bf3e3cbe6ff5d065969c12"
"8c35bd2b1c889b34210b6f39bf9b30b2","000120912",1,"263a17ff162f0e8248da38c4e1eec099"
"0b7a97e8fbdf4e2e6484b6bb458d56ef","000120912",1,"6027b243140a93c5539809e3ddca2901"
"beab53b781babc3f7d760bd73569c6bc","000082185",1,"0ad6779becd13f9acea641791e21b97a"
"caf75e47cd29520fc2f5986e172fb056","000082211",1,"1427e3b7846818175d21181f2ff6be1d"
"029d50d360d514fe2c959858c3a68f0a","000094457",1,"35988a7bfeb53a3c796763d699f283e0"
"035a5f01ebe9d366bc66c8d9aa361d11","000094769",1,"8814f372845f4276de3aa0d9fad0035a"
"1549a99651f9094fbdef430192424c81","000108003",1,"17d6552564acf0a951969ec21303569a"
"62929c2bd8065e7bfcbf9e0b6ba67593","000121510",1,"1fe9f06495d6b90509563932b32ba91c"
"1aaafabda071d938ff29374cf9f2078c","000121575",1,"63cd14acf8f2acf2e6c88f97de082659"
"cc4a9dffd8b714efd9722faf9f983979","000121588",1,"fe384645f9b7bac28783eb9df0bbbf50"
"4efbbb55ddc5b0f2f4717b6e20f8444f","000121614",1,"1f1424eca24f8547c168bea8037308be"
"1aaafabda071d938ff29374cf9f2078c","000082640",1,"7af382e6d522c5b1e5643679907f3d65"
"6ee5fa583de16915691122714514c7b0","000094886",1,"bba4f743131d3e4d8a71a32122d6692d"
"528e079f134eda2cf62a67d18d65da9e","000109225",1,"6476f9f19a729e2bac3ed19ea35b7ba7"
"0f2f46234928dcce73ec5dbb683bd17a","000110330",1,"480891ff82239a6a0458fad3573757c3"
"f88458233ed35e86395e6920bacad35a","000122212",1,"f5958e2f857d945e0c7733440f4a71eb"
"1aaafabda071d938ff29374cf9f2078c","000122498",1,"00eb767f8bdb97a299b185ce5e8c6b6d"
"924aba7f43c50700c8b6da527117483e","000083316",1,"2a6d85fedece129576787cd58e486a95"
"b91e5616bb6e429a732d1043b526af0b","000095653",1,"f078cc884aa9dbee3e5204a38c6335c5"
"4efbbb55ddc5b0f2f4717b6e20f8444f","000110655",1,"cbc78437399ec71945379d54fa04b420"
"e9bb89d4729e18d82bfe6186f95439ce","000110655",1,"246add3fb645bc0c31769fd539091eed"
"b91e5616bb6e429a732d1043b526af0b","000111032",1,"7d59d1e4fb990a694c0553fba229b714"
"e56006144450b9593931a3af0a462d20","000111188",1,"53478f9c8475771a09a8ee6eed206063"
"beab53b781babc3f7d760bd73569c6bc","000083745",1,"168b35cabef1fe6f3f0761bfde4b084e"
"8c35bd2b1c889b34210b6f39bf9b30b2","000096628",1,"c5dfa021313e905783caa20a9bead2b2"
"359c9364ee10e8b1612576a7a9c80225","000097174",1,"c763372cf8ac3f8fbc5f3744da89a360"
"8c35bd2b1c889b34210b6f39bf9b30b2","000111591",1,"184171104fd4eace2d6bc2fe9724ec27"
"1119b680e31631594a87f5d41bed7127","000075191",1,"8eac578fb19a44c0945faa742bdacd1a"
"924aba7f43c50700c8b6da527117483e","000084720",1,"290c85a5687423308dcb0f1a7e9711d8"
"ddcfd70143fc149d78850fc41f6b5da7","000112787",1,"ee00155c4033da293f323f8f9e85033c"
"1119b680e31631594a87f5d41bed7127","000112787",1,"2db50dc7f919a205ae05a01b499d6975"
"e69c66f433ddec087fa8ffa725205014","000097941",1,"24b13337e9d10500cddb411e3d4e0ef1"
"e69c66f433ddec087fa8ffa725205014","000098175",1,"3025e4990301142495b0e4d0e45b3332"
"caf75e47cd29520fc2f5986e172fb056","000098201",1,"a51ef59752900746b978da6277d40f92"
"d2d59a5b9d84ed52d847568f5044bc8a","000113385",1,"2c83871084c52fcf20b8ebdb8636f637"
"cc4a9dffd8b714efd9722faf9f983979","000113463",1,"3f65428011cc9ff8d37a1b78d468d4c2"
"a7095c3e2ced5b12fa14ae4e2a01cc22","000076335",1,"1fb3156b7a2aaa5f420fc439b3e440ac"
"a7095c3e2ced5b12fa14ae4e2a01cc22","000076907",1,"a01500f90dc8fb6846149cf520a2076a"
"e9bb89d4729e18d82bfe6186f95439ce","000086202",1,"9db2821ba4a371bcab238255f12ac7df"
"359c9364ee10e8b1612576a7a9c80225","000098331",1,"efc1d006632865a57bf85e849a0be9ae"
"b91e5616bb6e429a732d1043b526af0b","000099436",1,"1accc1c99de6e8794e504e4dff9af130"
"d2d59a5b9d84ed52d847568f5044bc8a","000114451",1,"f31fc3a87e041ea342458180243b7739"
"035a5f01ebe9d366bc66c8d9aa361d11","000077245",1,"45ba644addbb4be0bd3bfffb1fda3797"
"f88458233ed35e86395e6920bacad35a","000077583",1,"a0abd1edc183c462109f8e8b20a36887"
"ff00d21042633c9728538e4595c8bf1b","000099891",1,"cdb72d0e5058c1790a7afb9683532cda"
"4efbbb55ddc5b0f2f4717b6e20f8444f","000100008",1,"a0fb27886e50c7320093e6fd9cb01253"
"a7095c3e2ced5b12fa14ae4e2a01cc22","000100060",1,"303ecb6bc700e702ef4491697d090793"
"ff00d21042633c9728538e4595c8bf1b","000100164",1,"c858078d97f03cdf024e24052a972323"
"26be60f7709833fedbd974d7e977934b","000115114",1,"30a3349d8972b47367e0d23babc6f7a4"
"2bc268ed04a0a3d541055ffb57194513","000115673",1,"f04b062a076218b3809af0fc2f71f59c"
"e56006144450b9593931a3af0a462d20","000077791",1,"e253d09b389ba57e4f81b7bd638a0d5a"
"4efbbb55ddc5b0f2f4717b6e20f8444f","000077908",1,"08c173415f95bf6285e804a010540230"
"beab53b781babc3f7d760bd73569c6bc","000078038",1,"e3d26ee953a3c63ac7521ae0574299a7"
"ff20fc37917757d5a87ff2afba98848f","000100489",1,"7e0f2cdebb8b7e5fd77d23bed5bbcad2"
"035a5f01ebe9d366bc66c8d9aa361d11","000100489",1,"09ab09d0aed633390b47f9b5717405af"
"d4683f35e9cf2a9133dd4ee6da413dd0","000100489",1,"76ff1e85c9e1fd921c58a42a0b5f8888"
"486ab8a10dfe09c5573113a7cfba607f","000078103",1,"29bc6a91b64e7984eb7d608d9aaa218b"
"a7095c3e2ced5b12fa14ae4e2a01cc22","000078285",1,"c229583d57b1aea91d7216c2d7903dcc"
"caf75e47cd29520fc2f5986e172fb056","000088958",1,"9d4f78a462d35dad172f3ebe54ed6525"
"ff00d21042633c9728538e4595c8bf1b","000089244",1,"9e3ea4fa47a86cdccf1a46a02c135683"
"486ab8a10dfe09c5573113a7cfba607f","000101243",1,"c32bbdaedb00641cb9634c3fedf49c71"
"8c35bd2b1c889b34210b6f39bf9b30b2","000101451",1,"547045e76853bc97ff2644c231e94783"
"2bc268ed04a0a3d541055ffb57194513","000101503",1,"9aaee745fcb8b7af2f2ab82c7aeceaf2"
"7acc931bb82f16387fb1f227f6ccfac4","000079039",1,"8637cdc03c4570785e2b7ddf40bf7994"
"e56006144450b9593931a3af0a462d20","000079793",1,"93f5452f9a214ac4610abe465a71db45"
"ff20fc37917757d5a87ff2afba98848f","000102712",1,"edd56109c3ce3c411a6fe78dfd5e6dae"
"cc4a9dffd8b714efd9722faf9f983979","000117155",1,"c4cc69a151b38faeea926e5bfa79e4bc"
"e56006144450b9593931a3af0a462d20","000117246",1,"07679e355bb13147b3144cc9b3319aba"
"fac6504a36906835dcddd1380cb38d9e","000079858",1,"6bcfaf0dc0a66fcd5368770e50e59678"
"e56006144450b9593931a3af0a462d20","000090895",1,"b2aa2599b5eff48d8a6ae7be78e56a97"
"3637c95b1f434ff8e5214cbc505f71ee","000103258",1,"34051ff923f4d309018a823256d77f3f"
"8c35bd2b1c889b34210b6f39bf9b30b2","000103401",1,"8727190ad831142a10a97ccbbb0aad8a"
"fac6504a36906835dcddd1380cb38d9e","000286896",1,"3b2ef4f00e0a45dcf8e90984dbe3b5bc"
"dd8116d3e74520f9f97207994ef128b2","000286961",1,"8ccdbfdae19cb7ca5d28910cf4da77f9"
"caf75e47cd29520fc2f5986e172fb056","000287429",1,"ca99a886b6b39e947505e554c6980cf7"
"e56006144450b9593931a3af0a462d20","000312064",1,"4ff2f2c090a560c090c072a18b3c0985"
"6ee5fa583de16915691122714514c7b0","000312441",1,"0fbaf58ab32c3d47f5bf9a1aa52aa2ba"
"dd8116d3e74520f9f97207994ef128b2","000313286",1,"5281f96130dca1da48c5747cef25822a"
"fac6504a36906835dcddd1380cb38d9e","000248715",1,"27e6ebb8eb0e0ce890ee68069683bb48"
"e56006144450b9593931a3af0a462d20","000249092",1,"f34382f8f19c325ecd65d5ccc3b108c2"
"dd8116d3e74520f9f97207994ef128b2","000265420",1,"86eada9609a0736421d2346a55a21b22"
"b79695759026c4e4fc95f08dc51e0bd1","000265472",1,"daf6ed629ec6fc458bfb1034640cdef9"
"2b65538d4f0c25beee6e5c46e6f90269","000265472",1,"492a0816b05ba302d4972f1822aacaf2"
"d2d59a5b9d84ed52d847568f5044bc8a","000265628",1,"14549534b9d6c46bd8c8afe5c5612a7f"
"e56006144450b9593931a3af0a462d20","000288742",1,"a70ad7c8b34aa3aacd89d537fa604a37"
"ff00d21042633c9728538e4595c8bf1b","000288794",1,"2aee6bf77d78410cb5e423330210c157"
"d2d59a5b9d84ed52d847568f5044bc8a","000288807",1,"5e78a7e54a5c5ecf54883ff35fedd9e8"
"ba5f8970d68351d074919fb9fa1adf70","000249625",1,"5fd048e3f675fdb15d0558b162c45b52"
"e56006144450b9593931a3af0a462d20","000249950",1,"947dc653125d207d4bd3199c9ce02a9f"
"6ee5fa583de16915691122714514c7b0","000288898",1,"85c65063be6571a13a946df8a8aa8af3"
"06fced581761312144a52662d177a750","000289002",1,"f2d8be659d79898ef4ed2172c2c75a1f"
"8e42abe73fde3115065d79784ecf8bf5","000314989",1,"149458e3538e135b1c2fe2484e414089"
"8e42abe73fde3115065d79784ecf8bf5","000250808",1,"63e76c70d857ec365de085e1e295e9d9"
"8943316de06f61be2c2d0dc64c481ed6","000251094",1,"451333485eedcdf6d9e411ee96eae7a3"
"a7095c3e2ced5b12fa14ae4e2a01cc22","000269372",1,"ccc0cb317e17c1537ace148f5285b19b"
"1119b680e31631594a87f5d41bed7127","000289925",1,"b306cdc5778a7d84536540c5b6b8ebef"
"8943316de06f61be2c2d0dc64c481ed6","000290237",1,"3eafd0909fa92c5727bb9865060e9d0b"
"8e42abe73fde3115065d79784ecf8bf5","000290263",1,"c231faf54fd1b3b2d2105e1688efbfb1"
"fac6504a36906835dcddd1380cb38d9e","000291264",1,"d32cd7cf92e315dc68cca2ccf6790dfd"
"3637c95b1f434ff8e5214cbc505f71ee","000315132",1,"9fc7230d82d262ad01fff5fbfb1b9548"
"8e42abe73fde3115065d79784ecf8bf5","000315340",1,"9f1de87727b16468cd6e2cd52188726d"
"4efbbb55ddc5b0f2f4717b6e20f8444f","000251315",1,"a90bea35720d7310697c30f8cd88f7a1"
"06fced581761312144a52662d177a750","000251757",1,"83f971bdff34160cfd02c71b5f0c245c"
"1aaafabda071d938ff29374cf9f2078c","000252147",1,"4e95849af01df77d746938cae7d55b6d"
"029d50d360d514fe2c959858c3a68f0a","000269645",1,"43459d4ff0a91edc1d7c2bdf37e64bf3"
"ff20fc37917757d5a87ff2afba98848f","000269801",1,"e04c127dbea5ea41b12763c6f2c88945"
"4efbbb55ddc5b0f2f4717b6e20f8444f","000269905",1,"82a0d918f5bff0cdc3b75bc759ec9d28"
"0f2f46234928dcce73ec5dbb683bd17a","000270581",1,"fdaf44c85c292175ab2750c78ce75913"
"06fced581761312144a52662d177a750","000270581",1,"7122990561849696740d4011fc606cf5"
"a7095c3e2ced5b12fa14ae4e2a01cc22","000270698",1,"7b058bc04e73115488b22e86ad7f5fc3"
"e56006144450b9593931a3af0a462d20","000270802",1,"ca7964def570eb09709cb36207c73d0f"
"e69c66f433ddec087fa8ffa725205014","000291381",1,"3f393e135b03cca04215169971105e55"
"26be60f7709833fedbd974d7e977934b","000291524",1,"157454bd56c0133486075160fe87587b"
"ba5f8970d68351d074919fb9fa1adf70","000292200",1,"9a1ffcd06f71e1861873b27eb3002bfe"
"26be60f7709833fedbd974d7e977934b","000292226",1,"e281e42b97957889bdffbe56145952dc"
"a7095c3e2ced5b12fa14ae4e2a01cc22","000319123",1,"374ce3a2aa5028afe0935b1a86db7032"
"beab53b781babc3f7d760bd73569c6bc","000252576",1,"911a9a3825d9d88e4e864876d9f744f8"
"dd8116d3e74520f9f97207994ef128b2","000252693",1,"b7eb0d46d0c99112710d5ca46f47869b"
"1aaafabda071d938ff29374cf9f2078c","000253239",1,"db6a470c08731b6e0ab4cb6437c446f0"
"d2d59a5b9d84ed52d847568f5044bc8a","000253616",1,"66b23a3a808d6061b5b3e730edd73268"
"1aaafabda071d938ff29374cf9f2078c","000270893",1,"de66f593a7023369c5738851aee951a1"
"bb39647c56bfad8ec8edfe56b1ec5bac","000271582",1,"a9c6c8240339c96e54e344aa01180dc6"
"4efbbb55ddc5b0f2f4717b6e20f8444f","000271725",1,"b64419a2918d222f1c674af91260ee22"
"06fced581761312144a52662d177a750","000271751",1,"f1a477a936453c9575726d8e9a5fe059"
"6ce7e77344ab9981362b0d2be606df69","000292655",1,"6b25534d57d23d9263719c45a2c6350a"
"b91e5616bb6e429a732d1043b526af0b","000293097",1,"0bc4dbcf70add99b69cdae7b4775967d"
"b79695759026c4e4fc95f08dc51e0bd1","000293357",1,"6734d4c364b16e0a37e2823b824d0ae1"
"2bc268ed04a0a3d541055ffb57194513","000293864",1,"7d5e94365a1b6b7c1bc556430e016e46"
"2bc268ed04a0a3d541055ffb57194513","000294839",1,"05ea44221f066baa22b55f87287cf76b"
"d2d59a5b9d84ed52d847568f5044bc8a","000320059",1,"6748c8be679fbd6b4a51a0c2a9ff0002"
"a7095c3e2ced5b12fa14ae4e2a01cc22","000320215",1,"3bfa32559dd02c1c74d86999828758a0"
"528e079f134eda2cf62a67d18d65da9e","000321151",1,"360d96fb17f619ae87361a3f6cfdeb30"
"06fced581761312144a52662d177a750","000253993",1,"6ab5854eba6be07149ea5520a08c2ef0"
"6ee5fa583de16915691122714514c7b0","000254240",1,"c5368d67953c8267f48c1fdc002505e3"
"8e42abe73fde3115065d79784ecf8bf5","000254669",1,"06373169362cbbf57e721cbd027e8bb0"
"e56006144450b9593931a3af0a462d20","000273207",1,"e17c04aa074501ac30308cb256a29585"
"beab53b781babc3f7d760bd73569c6bc","000294852",1,"e4ca28118724c3e8b0fe36ebd33cbebd"
"d2d59a5b9d84ed52d847568f5044bc8a","000294943",1,"8477285d55455253da186a23af691c9b"
"4efbbb55ddc5b0f2f4717b6e20f8444f","000295242",1,"1cece6f0c89d672327de7fd3d87ac1b3"
"a7095c3e2ced5b12fa14ae4e2a01cc22","000295671",1,"1bb5ff193a62446da654be1ef220eb09"
"2bc268ed04a0a3d541055ffb57194513","000296490",1,"bc95449aa6d774e1e94b5aa1a3d217fd"
"beab53b781babc3f7d760bd73569c6bc","000321775",1,"09ddd93d22fb255ff57b5406fb096099"
"b79695759026c4e4fc95f08dc51e0bd1","000321775",1,"4a3f2e245a14bbac3c274a3988700223"
"26be60f7709833fedbd974d7e977934b","000321931",1,"dc1526780f33cb355209028633559ab6"
"029d50d360d514fe2c959858c3a68f0a","000323075",1,"0df6d60fe0e7228d87ea6ddab210dc5c"
"6ee5fa583de16915691122714514c7b0","000323257",1,"8e4892b17dceef8b2b527affc07d5763"
"a7095c3e2ced5b12fa14ae4e2a01cc22","000255592",1,"d0c9ce303d15e68f80d9af6d10792986"
"26be60f7709833fedbd974d7e977934b","000255761",1,"69785f81bd4bfb5403c086ff73fc7dbb"
"d2d59a5b9d84ed52d847568f5044bc8a","000273766",1,"09b7a457f8e46064e3c881a06aaf0dd5"
"bb39647c56bfad8ec8edfe56b1ec5bac","000275105",1,"6f70b237966770a17653284754949f43"
"528e079f134eda2cf62a67d18d65da9e","000296854",1,"689e4bfbd327ff251b6a1ea2eec3418b"
"528e079f134eda2cf62a67d18d65da9e","000296893",1,"fd612f65c588549a9120393352b4828f"
"d2d59a5b9d84ed52d847568f5044bc8a","000297283",1,"12ecedad94ec1c278b32fabf5e3dd56b"
"dd8116d3e74520f9f97207994ef128b2","000256177",1,"937189d70d89f41b579351e4a2dfef43"
"beab53b781babc3f7d760bd73569c6bc","000256411",1,"350caa24698e72c2a606fad9d5abf135"
"6ee5fa583de16915691122714514c7b0","000275703",1,"cfe041868aeaf3c482dff2d73dfb3d58"
"beab53b781babc3f7d760bd73569c6bc","000276145",1,"19cb799987c5b25eda22dcbcf2e4fbbf"
"1aaafabda071d938ff29374cf9f2078c","000298193",1,"8f63a44cdeb4f180944a8754a55228d5"
"26be60f7709833fedbd974d7e977934b","000298609",1,"9fec00221e4e3fbb10742d0228cb2add"
"8943316de06f61be2c2d0dc64c481ed6","000241981",1,"00aeb7c2091f6bb09cc8461a4070e993"
"ba5f8970d68351d074919fb9fa1adf70","000256970",1,"efe0569b725faf41791bac2856ba664c"
"e56006144450b9593931a3af0a462d20","000277185",1,"0fcd504b3fde7640bd4fd43a83421ce9"
"26be60f7709833fedbd974d7e977934b","000277653",1,"3d9102521ebec68799f34c9b655fca33"
"3637c95b1f434ff8e5214cbc505f71ee","000299155",1,"f7256f0d1949f06e57789b2197e660e8"
"2bc268ed04a0a3d541055ffb57194513","000299155",1,"86438cdaadd5a8fcad789bcc14bcbbcf"
"3637c95b1f434ff8e5214cbc505f71ee","000299311",1,"b87edde7282964f752e1c25b25926c59"
"d2d59a5b9d84ed52d847568f5044bc8a","000299402",1,"72e0944a483760e9986ba8945aa4af30"
"d2d59a5b9d84ed52d847568f5044bc8a","000299506",1,"c53382aa1972ee5174818bb38c0964d9"
"dd8116d3e74520f9f97207994ef128b2","000299519",1,"98e6562cb4710efbdb95d3970d193ee7"
"0b7a97e8fbdf4e2e6484b6bb458d56ef","000299831",1,"bfdf0fcaa1ab371e8bec69c1d44b33b4"
"e56006144450b9593931a3af0a462d20","000258140",1,"7969c7e1ba103a689c8e72c13bc3166f"
"1aaafabda071d938ff29374cf9f2078c","000258790",1,"d7c71ad1102a7e27d02a0ffab64b417f"
"8c35bd2b1c889b34210b6f39bf9b30b2","000258985",1,"a517ab4812f80880f8edf9f4807b6bd3"
"a7095c3e2ced5b12fa14ae4e2a01cc22","000299896",1,"aaa27e1c723272e668a36736d675cd79"
"6ee5fa583de16915691122714514c7b0","000244802",1,"7cc359a278eaeaffa393a87a42fca825"
"4efbbb55ddc5b0f2f4717b6e20f8444f","000259596",1,"0e80fb20f8c4c9da1fd50588a4853e0e"
"e69c66f433ddec087fa8ffa725205014","000259817",1,"418afc28823ccb392d3f622954ce8b09"
"dd8116d3e74520f9f97207994ef128b2","000259973",1,"5eb856232969fab3efe5ed68a3a81c6e"
"beab53b781babc3f7d760bd73569c6bc","000279824",1,"d929045369ff48745a6acc6b89ba4637"
"d2d59a5b9d84ed52d847568f5044bc8a","000280201",1,"79fb8984b439a855e03df2877449950c"
"26be60f7709833fedbd974d7e977934b","000280825",1,"71e2f95b5bdff1ec5aecbbfad0be861f"
"26be60f7709833fedbd974d7e977934b","000301989",1,"5b12d4a506afc5c6bae112aac389bb49"
"e56006144450b9593931a3af0a462d20","000302132",1,"d1531595f57e469041ef4859a1c18bd2"
"beab53b781babc3f7d760bd73569c6bc","000302522",1,"80f341214de1407fc643a1d310e49b12"
"b79695759026c4e4fc95f08dc51e0bd1","000302522",1,"3f59a9e8a6014bdda8d0e1d74c1863db"
"4efbbb55ddc5b0f2f4717b6e20f8444f","000245556",1,"fd42b7ace0599d62b82803367ba22300"
"8c35bd2b1c889b34210b6f39bf9b30b2","000260233",1,"47941783ad4e229353978fdd8f61ee35"
"d2d59a5b9d84ed52d847568f5044bc8a","000260480",1,"3bfe87f2e910083c050e4b084e1221b7"
"528e079f134eda2cf62a67d18d65da9e","000260961",1,"5f427abaea25cef9249d6c6a7c96af72"
"a062fda62edb9dca5fcc3c6f789e7bf2","000261117",1,"695fdb1d48f4a226d2216b1e97aeb617"
"b79695759026c4e4fc95f08dc51e0bd1","000261442",1,"d927cf514587fca6899396df78bdd390"
"2b65538d4f0c25beee6e5c46e6f90269","000261442",1,"768806778e0339dfd74d9a98b7e14bd4"
"26be60f7709833fedbd974d7e977934b","000281007",1,"77388023baaa6891ac7a580f827ddbde"
"a7095c3e2ced5b12fa14ae4e2a01cc22","000281163",1,"4ca6a80e5d449533df0fe084c9fa8aef"
"d2d59a5b9d84ed52d847568f5044bc8a","000281917",1,"56cbd74de8a7dc05dbdba0b22aa91f7d"
"26be60f7709833fedbd974d7e977934b","000304225",1,"fdbeaa54353205315adb927adeb79353"
"e56006144450b9593931a3af0a462d20","000305161",1,"a7fc67d985927ed2438d2dfb4dec7aa8"
"dd8116d3e74520f9f97207994ef128b2","000245907",1,"6bdf25d881b5423e09d64d74a14c546b"
"06fced581761312144a52662d177a750","000245959",1,"eab666f186c661af2cdc4b2f90e79fbb"
"528e079f134eda2cf62a67d18d65da9e","000246063",1,"7f034ba5a6f1e4b29748097fa5b70b1f"
"f0b6ab0b0340041e4f5ccef642294001","000246063",1,"b208703ea07ed39911b1f3e643537ab3"
"8c35bd2b1c889b34210b6f39bf9b30b2","000246193",1,"a5b1cb7d328f2bf51d9add08be560f2b"
"fac6504a36906835dcddd1380cb38d9e","000246427",1,"d4b0499ed128a9ee645723e11487ee85"
"a062fda62edb9dca5fcc3c6f789e7bf2","000261533",1,"83065c03f3f257d32a49ddb319505613"
"dd8116d3e74520f9f97207994ef128b2","000261624",1,"9e50296d1363a7c955336bfb77bb2940"
"dd8116d3e74520f9f97207994ef128b2","000261637",1,"d3285afe05f5ef3bc917b9888c9cb805"
"a7095c3e2ced5b12fa14ae4e2a01cc22","000262417",1,"b7215b9c7dd5f5cca4bfd4d73801c557"
"e56006144450b9593931a3af0a462d20","000282645",1,"829975e773f0fc8118a41e4ffe503b1b"
"06fced581761312144a52662d177a750","000282944",1,"94c5f7718f9ed20a6e977ced29a9e6bd"
"e9bb89d4729e18d82bfe6186f95439ce","000283360",1,"9127138acc755467d4d025e21a62c1a8"
"26be60f7709833fedbd974d7e977934b","000283464",1,"87e93d84aa270a839ebba50f85e8ca4c"
"e56006144450b9593931a3af0a462d20","000306084",1,"b571bf4038a9e9ec1ec6616e96d41227"
"8c35bd2b1c889b34210b6f39bf9b30b2","000307696",1,"3fc6b1d2b6daff658b0f8df8e8cef25f"
"d2d59a5b9d84ed52d847568f5044bc8a","000247038",1,"4ecb8db679a584f74c120d764895f5ac"
"d2d59a5b9d84ed52d847568f5044bc8a","000262664",1,"8180ca3708b2499786fc0065d4a42bff"
"fac6504a36906835dcddd1380cb38d9e","000262755",1,"0410b689de3533dfc5a834040356b7dc"
"cc4a9dffd8b714efd9722faf9f983979","000283984",1,"d70f30c852c997b9721734d79fc2a03c"
"924aba7f43c50700c8b6da527117483e","000284309",1,"b27a5afaeeab7fff570d7d69a9c187d6"
"b79695759026c4e4fc95f08dc51e0bd1","000308931",1,"db74b503beb686918d0a42a8f0d053d3"
"2b65538d4f0c25beee6e5c46e6f90269","000308931",1,"ddd2f43247f96fcbf035d8d9cc54c137"
"beab53b781babc3f7d760bd73569c6bc","000308996",1,"b649e6167351c93faece159b26f7b3f0"
"e69c66f433ddec087fa8ffa725205014","000247285",1,"05bc104d2a4d5ca79e892c34b17c4080"
"8c35bd2b1c889b34210b6f39bf9b30b2","000247350",1,"0fd7e9a5c32eabb2e9d09d550e1ba0df"
"6ee5fa583de16915691122714514c7b0","000247467",1,"c3ed98e7abf5610874fb066f7390e803"
"f0b6ab0b0340041e4f5ccef642294001","000263444",1,"ea2fc8512ea18021eda9bf5472a25037"
"d4683f35e9cf2a9133dd4ee6da413dd0","000263444",1,"2fa2ddc9fa355b166f3b3401e0463018"
"6ee5fa583de16915691122714514c7b0","000263951",1,"da8b7e69c8c4dd275b1f8a9e24fd86d7"
"beab53b781babc3f7d760bd73569c6bc","000264185",1,"d5640fba4a2b71ffd61d621943a01c2d"
"4efbbb55ddc5b0f2f4717b6e20f8444f","000285674",1,"c34fcf1433738db7f6955d835e5e90da"
"e69c66f433ddec087fa8ffa725205014","000285739",1,"67a9b8997a9848ed8a3f290bcecd5317"
"528e079f134eda2cf62a67d18d65da9e","000311375",1,"d20abc1f8ca6c4e9154d0e327c5d8d53"
"1aaafabda071d938ff29374cf9f2078c","000311648",1,"1b583b3c35b29d132dc693db596ab83c"
"e56006144450b9593931a3af0a462d20","000247896",1,"e11ba6d5ed24aa4705c2fabf3a82fc69"
"fac6504a36906835dcddd1380cb38d9e","000248039",1,"8c9d23d7f62b3910731ed5bb89d0a317"
"8c35bd2b1c889b34210b6f39bf9b30b2","000248195",1,"173b7164dc0ac830975d48c2f2475f98"
"e56006144450b9593931a3af0a462d20","000248234",1,"cfb2757c5be74f62ecc347050735b193"
"d2d59a5b9d84ed52d847568f5044bc8a","000248286",1,"bbb338c81b41463685d1cb8aed74c6ef"
"caf75e47cd29520fc2f5986e172fb056","000211509",1,"28a6f74ef158aea81e0c02114f8d790a"
"486ab8a10dfe09c5573113a7cfba607f","000211613",1,"20969fcd062c84fb44dabaea0c7cca47"
"486ab8a10dfe09c5573113a7cfba607f","000199705",1,"c557b82f7f7d4fc5e8b494d2414f3a9f"
"26be60f7709833fedbd974d7e977934b","000199757",1,"012657bbf74ea2b8dc2c4167c882a427"
"035a5f01ebe9d366bc66c8d9aa361d11","000200121",1,"045653401f6d5e6a4ecb661803574d87"
"fac6504a36906835dcddd1380cb38d9e","000200875",1,"787c4171af0e5c6b94d117e7bcf96541"
"f88458233ed35e86395e6920bacad35a","000201005",1,"833cf904835c1342273a68d8201a02e1"
"beab53b781babc3f7d760bd73569c6bc","000212692",1,"5cce54ba5974bb4dfa99c5e0a31cb38b"
"b79695759026c4e4fc95f08dc51e0bd1","000212692",1,"19b09815a0bda441dda4e9a24b5c2ca1"
"359c9364ee10e8b1612576a7a9c80225","000234636",1,"dad80607eba47441ccb1563bd930b17b"
"2bc268ed04a0a3d541055ffb57194513","000201291",1,"1cb087b6f1106161528d96713725072f"
"6ce7e77344ab9981362b0d2be606df69","000201902",1,"f8cd6153c9df71fe960809c806f0747b"
"ff20fc37917757d5a87ff2afba98848f","000225822",1,"5b90fca7e06ce3255642825ad1ba086b"
"359c9364ee10e8b1612576a7a9c80225","000225991",1,"ae55c83c73952ff4ec13e2dffe67d738"
"ba5f8970d68351d074919fb9fa1adf70","000226043",1,"3e936bec409adfb81ead65dae4797b4d"
"359c9364ee10e8b1612576a7a9c80225","000203644",1,"36d2543c30d923d034022d14d9a58e32"
"caf75e47cd29520fc2f5986e172fb056","000204957",1,"af331ccf93b2bce7b367531b9e191dad"
"8943316de06f61be2c2d0dc64c481ed6","000204970",1,"c4e0b7cf40c2d7ca89de68c1f1d39385"
"0f2f46234928dcce73ec5dbb683bd17a","000215630",1,"885bb2088b1a4cb1860c3020f7b879f7"
"8e42abe73fde3115065d79784ecf8bf5","000192295",1,"12a26d9d416928b57d3436dfa38be5a7"
"ff00d21042633c9728538e4595c8bf1b","000215916",1,"3c61ae77ca6c5671fe9653dda1750b38"
"caf75e47cd29520fc2f5986e172fb056","000216332",1,"2732e376ed2d7a738aa87604b4bde77d"
"2bc268ed04a0a3d541055ffb57194513","000227863",1,"b7e5f3619ac435faae8c5dfca83a6283"
"1aaafabda071d938ff29374cf9f2078c","000206088",1,"20ca62c6eccf7da86c5b4051e7c40254"
"8e42abe73fde3115065d79784ecf8bf5","000206088",1,"7bb8a34dceb3bbfe26c230eb0815d360"
"486ab8a10dfe09c5573113a7cfba607f","000216423",1,"c2d9b03a0242605a4912ad387cf19ef7"
"26be60f7709833fedbd974d7e977934b","000194193",1,"2e115b2e49b6defaa6b9dd271a7972a9"
"ba5f8970d68351d074919fb9fa1adf70","000206842",1,"83862c7b6c89d5c7c24b1786a83bdfe1"
"1549a99651f9094fbdef430192424c81","000207271",1,"470705e34b4e1e41459820fd4eedd9fa"
"029d50d360d514fe2c959858c3a68f0a","000207856",1,"2377a89816e173dab9d1f58e88ccfa19"
"a7095c3e2ced5b12fa14ae4e2a01cc22","000207895",1,"1c4c571bc85279c42e02b5d6dd92e625"
"caf75e47cd29520fc2f5986e172fb056","000218412",1,"123f7a54a124be3ded2615ff15b1501b"
"528e079f134eda2cf62a67d18d65da9e","000195857",1,"e6a046cd26626491e64ebfb1bdf066a0"
"ff00d21042633c9728538e4595c8bf1b","000219465",1,"97a789d966bbf907c269094fafe48468"
"e9bb89d4729e18d82bfe6186f95439ce","000229982",1,"33f12cc1c2862593ff59cedde26b411b"
"a062fda62edb9dca5fcc3c6f789e7bf2","000229982",1,"4ae237f131ce370e492987553a28ef49"
"e69c66f433ddec087fa8ffa725205014","000208909",1,"5ebb10a603c1a0d4fa3a05e9afcbde13"
"06fced581761312144a52662d177a750","000209026",1,"908591126183a40a41f3818f917521ad"
"6ee5fa583de16915691122714514c7b0","000198431",1,"3ffddf4eacfd101f6dd1985ed2f6eba0"
"4efbbb55ddc5b0f2f4717b6e20f8444f","000198756",1,"7be6e7511c29f79107d7e24ed008fb63"
"2bc268ed04a0a3d541055ffb57194513","000199094",1,"b2437c5eed9075d064f49f66dca802d7"
"6ee5fa583de16915691122714514c7b0","000210417",1,"710e661c8cdafb420969c2d8d4cc106c"
"caf75e47cd29520fc2f5986e172fb056","000211028",1,"cda07522809cdf587e06695f69e438d9"
"ba5f8970d68351d074919fb9fa1adf70","000223040",1,"7a5602e8635b3a889e278eca3a248720"
"ba5f8970d68351d074919fb9fa1adf70","000223157",1,"bb5be54bd82abf74adf3889ee620512f"
"cc4a9dffd8b714efd9722faf9f983979","000477762",1,"adfa4ffd02b03c03778933b33fff0c4c"
"26593b6f96aafedd3a4d9d0bf49743ce","000480544",1,"9b21dec80bd72a9a12ba9507d9c2c9a8"
"7acc931bb82f16387fb1f227f6ccfac4","000483365",1,"a9fd7dddd7bd21d34bbdcdae2f7946f4"
"2bc268ed04a0a3d541055ffb57194513","000483651",1,"5357a849c60c5a66fb54471e434f9c37"
"beab53b781babc3f7d760bd73569c6bc","000484795",1,"90897f4e228922705fd46e93507f8e18"
"b79695759026c4e4fc95f08dc51e0bd1","000484795",1,"64be9fa99c89e6bf616e954a5334528b"
"beab53b781babc3f7d760bd73569c6bc","000484951",1,"2156b46fced9f25b30865a7a680c6207"
"b79695759026c4e4fc95f08dc51e0bd1","000485094",1,"b71d933fbcbda690fa42f8a8cbd6872d"
"2bc268ed04a0a3d541055ffb57194513","000485627",1,"97038dfc95151ecbdc75b49f1baf58b7"
"26593b6f96aafedd3a4d9d0bf49743ce","000554137",1,"fe6a7a5d1c627a5fa10136440236cabe"
"26be60f7709833fedbd974d7e977934b","000555853",1,"bd7bf280b45a27f2bbd01de3cadfd822"
"cc4a9dffd8b714efd9722faf9f983979","000645124",1,"2717bf65c4b021a4bc1154f6349a8246"
"029d50d360d514fe2c959858c3a68f0a","000645280",1,"f4555fa53cbb4dd713092a5450baf853"
"cc4a9dffd8b714efd9722faf9f983979","000645384",1,"54edc5e93f5593c02bf0c6c226b985fb"
"6ce7e77344ab9981362b0d2be606df69","000645514",1,"6df9a32cf1715a17d48153c9f2d76eb5"
"486ab8a10dfe09c5573113a7cfba607f","000646580",1,"a3161e38155831192060b520d9d37081"
"26593b6f96aafedd3a4d9d0bf49743ce","000485991",1,"f1755cba765ff0845bdcff03a485aab1"
"2bc268ed04a0a3d541055ffb57194513","000488292",1,"62efaf8f076d60b746db2f63f7c83039"
"2b65538d4f0c25beee6e5c46e6f90269","000489176",1,"f1f68195250bde63bebc3b7215f88b90"
"caf75e47cd29520fc2f5986e172fb056","000489657",1,"2518cbae1de9cd491d385bdddef3c5fc"
"7acc931bb82f16387fb1f227f6ccfac4","000557166",1,"2627db530fdebc638b7bca5883f1c327"
"4efbbb55ddc5b0f2f4717b6e20f8444f","000559064",1,"9e38e5740edc8468bcab78026d731a28"
"e9bb89d4729e18d82bfe6186f95439ce","000559064",1,"02bfc7186b6b660efbf97cef7ca2cc87"
"b79695759026c4e4fc95f08dc51e0bd1","000559883",1,"bc3b5d5e188559c119d08603a3ab3947"
"6ce7e77344ab9981362b0d2be606df69","000647386",1,"bf2753307c8acd689685e93eef5e9f2a"
"486ab8a10dfe09c5573113a7cfba607f","000647672",1,"c72dc5b9e891b44fbbac4a13418cc95e"
"26593b6f96aafedd3a4d9d0bf49743ce","000491334",1,"931988efa0a703b255edc861db849964"
"26593b6f96aafedd3a4d9d0bf49743ce","000492153",1,"f8bfe8857cc77e595c07c4a5d71e7644"
"26593b6f96aafedd3a4d9d0bf49743ce","000492686",1,"43637aed1a3ddf4953c7316949c54668"
"caf75e47cd29520fc2f5986e172fb056","000561118",1,"61dfc6d26aabe3c9868e8046baad0f11"
"2bc268ed04a0a3d541055ffb57194513","000563666",1,"c2c8fd128e39e0ca72725724bcbea6a4"
"ff20fc37917757d5a87ff2afba98848f","000651091",1,"70d9a8052a1316a1e6ddec45d16b80cf"
"b91e5616bb6e429a732d1043b526af0b","000651104",1,"14a62bbce3afb82541be0ae4a3c1edd6"
"924aba7f43c50700c8b6da527117483e",801409603,1,"e507997e6c6b43c0d449d27afaeb9d4c"
"cc4a9dffd8b714efd9722faf9f983979",801495053,1,"dfe7713b37ba3a4818f5bc3424e30385"
"359c9364ee10e8b1612576a7a9c80225","000493076",1,"13d3bb159660fe7210921e7320f430ce"
"26593b6f96aafedd3a4d9d0bf49743ce","000493167",1,"472bdee7475c90f80af02c0cdfdcb52a"
"b91e5616bb6e429a732d1043b526af0b","000493349",1,"835ed5dcb61b679c40f0810bddf97097"
"06fced581761312144a52662d177a750","000493804",1,"f7ccb6abbfbaa9c7f1441cd5a5b01ff4"
"26593b6f96aafedd3a4d9d0bf49743ce","000494012",1,"7d7d05f0d8b05eca55b55977e053957a"
"4efbbb55ddc5b0f2f4717b6e20f8444f","000494389",1,"59aa3e1f3ce10fd68eb10285cbc2de64"
"26593b6f96aafedd3a4d9d0bf49743ce","000567579",1,"dad03244e2dc83ea43a557e2e6b639e1"
"1119b680e31631594a87f5d41bed7127","000569958",1,"ad449181f000f1121aa58f811640cc8c"
"f0b6ab0b0340041e4f5ccef642294001","000572428",1,"94d033e10db74a46795a8bd1c1dc1455"
"06fced581761312144a52662d177a750","000651130",1,"c9e4e85e60c588b948a19cc322736b24"
"06fced581761312144a52662d177a750",801577094,1,"8f16d9341353ced6b2a80438134f283b"
"6ce7e77344ab9981362b0d2be606df69","000496092",1,"1f13fe0611619bfa2c3abf3a7b41e473"
"06fced581761312144a52662d177a750","000496846",1,"ff76696488a876ccae5736e3d59a7ea9"
"2bc268ed04a0a3d541055ffb57194513","000498003",1,"bcf58f7ba0b8c1ee8cf5e5f6fefd2404"
"a7095c3e2ced5b12fa14ae4e2a01cc22","000501383",1,"bd295ff3484d224c77144daf5522f1e9"
"d4683f35e9cf2a9133dd4ee6da413dd0","000572428",1,"505fe6aa970988fab3a7dad8ff82951a"
"cc4a9dffd8b714efd9722faf9f983979","000572519",1,"530d91213a1ff188421d111c12b53207"
"4efbbb55ddc5b0f2f4717b6e20f8444f","000572935",1,"5103582ea58721c88c701cfbdc506ec7"
"e9bb89d4729e18d82bfe6186f95439ce","000572935",1,"7b33c8a07b952d90c5a918e2ffeaedaf"
"beab53b781babc3f7d760bd73569c6bc","000573182",1,"115c38818d9c6b8073bc84af61a95810"
"b79695759026c4e4fc95f08dc51e0bd1","000573182",1,"4d7630f24d528c23a89275e59949a8b6"
"3637c95b1f434ff8e5214cbc505f71ee","000574079",1,"760338284f7dded7ad8c8f23752ed474"
"2bc268ed04a0a3d541055ffb57194513","000576055",1,"7f3b0a267ad124b302d9e17aebcc20a9"
"0f2f46234928dcce73ec5dbb683bd17a","000652326",1,"5b70c557ff212f4b4812557b6eafd2df"
"0f2f46234928dcce73ec5dbb683bd17a","000652339",1,"6e743cc744fafd2b5fece2c78a60294a"
"0f2f46234928dcce73ec5dbb683bd17a","000652352",1,"e54eb16ab927f4d0944bacf424e567b0"
"0f2f46234928dcce73ec5dbb683bd17a","000652365",1,"1c2c9b952077ffe87404b0555737b3ab"
"0f2f46234928dcce73ec5dbb683bd17a","000652391",1,"491335a7adfe4905b12ff3556d324d7f"
"bb39647c56bfad8ec8edfe56b1ec5bac","000652430",1,"58de27404fbee4331b3a8f6e7e271378"
"d2d59a5b9d84ed52d847568f5044bc8a",801816648,1,"61661c8778069ce4c24292392dce8e08"
"b91e5616bb6e429a732d1043b526af0b",801951655,1,"8eff3d65bb6f6f761b2488ed146769d8"
"06fced581761312144a52662d177a750","000502046",1,"7ef67b78330dcc101cd8a329debc4545"
"fac6504a36906835dcddd1380cb38d9e","000503294",1,"f7cf08d789623410b2512528ed98b8c2"
"8e42abe73fde3115065d79784ecf8bf5","000503450",1,"7b982159dd9ef45cbbfbd96dd9760b19"
"06fced581761312144a52662d177a750","000503450",1,"c119cbf4a1c28ac48926ce198c6ffde9"
"b79695759026c4e4fc95f08dc51e0bd1","000581112",1,"5731da597078170cf49b7cd982467737"
"d2d59a5b9d84ed52d847568f5044bc8a","000583231",1,"caa72ebb4245f07d1d86b057ac709b00"
"beab53b781babc3f7d760bd73569c6bc","000583426",1,"7efd49812dd8c37f520d513f388a9e9a"
"035a5f01ebe9d366bc66c8d9aa361d11","000655264",1,"bcfe8263be4df93ff3aea3a4962a30bc"
"0f2f46234928dcce73ec5dbb683bd17a","000655875",1,"1dce75e21b455a3358f12272128190a6"
"76dc32a049670ff33636396b6a148030","000453283",1,"79bc42d6bf0fbe9f2cec8b32e431a312"
"b79695759026c4e4fc95f08dc51e0bd1","000507038",1,"6af0e0ac86dc4eb38ac7461f62f7fb17"
"b91e5616bb6e429a732d1043b526af0b","000507831",1,"84af3acfc907df20fa2dfa389401df74"
"caf75e47cd29520fc2f5986e172fb056","000508065",1,"7441370408334207d456715ea2eca317"
"3637c95b1f434ff8e5214cbc505f71ee","000589237",1,"26a2205ddb435747619e787b015446e6"
"0f2f46234928dcce73ec5dbb683bd17a","000657370",1,"098868c086825f506eeef1e7d88b1840"
"0f2f46234928dcce73ec5dbb683bd17a","000657383",1,"4e5ecdf64ba3f0d79788eaf4020a7522"
"528e079f134eda2cf62a67d18d65da9e","000453816",1,"de718012b0e3a02e35cefb30627d84b1"
"76dc32a049670ff33636396b6a148030","000454388",1,"3037a15dbe25d483250b8b580bed66e4"
"d2d59a5b9d84ed52d847568f5044bc8a","000590576",1,"855367ee64e5b3edadc7ad9eb3e50708"
"beab53b781babc3f7d760bd73569c6bc","000594359",1,"cffafb17d8298e6b10d6a1d704404ca4"
"b79695759026c4e4fc95f08dc51e0bd1","000594359",1,"febac4d26cea289f610fcfff8b53e308"
"1549a99651f9094fbdef430192424c81","000454986",1,"3d9c65e457462872d28cce8c37dd8de2"
"f88458233ed35e86395e6920bacad35a","000455740",1,"21b33f67e7709b60d6ce18452890b9a8"
"caf75e47cd29520fc2f5986e172fb056","000515436",1,"a8feefbb8babd4d2b669cd0e9c0abf00"
"26593b6f96aafedd3a4d9d0bf49743ce","000517126",1,"326367489c35b4da51e380eb6b8fedb5"
"8e42abe73fde3115065d79784ecf8bf5","000517243",1,"a0f3db5ac6bd657da3c552b586743c88"
"b79695759026c4e4fc95f08dc51e0bd1","000517477",1,"c5e2634436b80f04b7562567a4b446c7"
"06fced581761312144a52662d177a750","000517867",1,"0f5953b0677b989daa32f7918b3d3263"
"f0b6ab0b0340041e4f5ccef642294001","000518075",1,"12b13bef3652c5a240b2cfedccfd3867"
"8c35bd2b1c889b34210b6f39bf9b30b2","000595529",1,"45da08477c15f4cdc894f8caa066f550"
"924aba7f43c50700c8b6da527117483e","000595568",1,"add8f5c1d585968ed4e6ca3387f6ec5a"
"26593b6f96aafedd3a4d9d0bf49743ce","000597362",1,"7ea3f088ecbd3ad7f375631e767e81b2"
"035a5f01ebe9d366bc66c8d9aa361d11","000597609",1,"913b764942262f6d141fa27c6e1668d3"
"8e42abe73fde3115065d79784ecf8bf5","000599650",1,"343beb601634b71d71d3d515bc2601ef"
"b91e5616bb6e429a732d1043b526af0b","000457066",1,"56b6b2dc981c955873e930bccc014bf8"
"ff00d21042633c9728538e4595c8bf1b","000457118",1,"9d64bd4f18257caf9688b3f5de75807a"
"26593b6f96aafedd3a4d9d0bf49743ce","000457157",1,"0b598eb83f26bd0b91c3c7cb26494eb7"
"e56006144450b9593931a3af0a462d20","000457508",1,"5b3a330400c0467de42e3e6b433b7009"
"6ce7e77344ab9981362b0d2be606df69","000457833",1,"d39d1b4ec5253d1dc040ccd7204075ba"
"b79695759026c4e4fc95f08dc51e0bd1","000520675",1,"0062ff2718d9b3f6a8ac76fe66c52afe"
"06fced581761312144a52662d177a750","000521741",1,"d4322ee7956bb6d803663b48d80e7a9e"
"528e079f134eda2cf62a67d18d65da9e","000522248",1,"cdf9144ed87dfefa43750eca0308087f"
"caf75e47cd29520fc2f5986e172fb056","000522261",1,"48ed620c867a059a9150a4c65e0552ac"
"26be60f7709833fedbd974d7e977934b","000522274",1,"2b85ebe1ea8d0dd319feaafd47a444a4"
"1119b680e31631594a87f5d41bed7127","000522365",1,"6a1f8ef5d50b3f381a24c9dea3dc4ea9"
"b79695759026c4e4fc95f08dc51e0bd1","000522664",1,"70e77a17d1c1494c0375cebfbdd77da6"
"2bc268ed04a0a3d541055ffb57194513","000523288",1,"10af699b72b87eb8f8ae88610d52e7be"
"2bc268ed04a0a3d541055ffb57194513","000524107",1,"5d576a1098c7f3def1be5bbb7bd92404"
"fac6504a36906835dcddd1380cb38d9e","000524315",1,"d08860193da205090d16392eb835f1b7"
"2bc268ed04a0a3d541055ffb57194513","000602575",1,"e354fd56093926d73ee96fde4e681f20"
"e69c66f433ddec087fa8ffa725205014",800141397,1,"fa9fdca53f5b3936ed8d4e29233997cc"
"b91e5616bb6e429a732d1043b526af0b","000458301",1,"6fe60dc9e66a7363d5470b11c650f9c1"
"b79695759026c4e4fc95f08dc51e0bd1","000458977",1,"3da34c67615c4a0f845eba79cd67a4ee"
"beab53b781babc3f7d760bd73569c6bc","000459991",1,"ce4ff5da3eaefac09be0920b66af492b"
"b79695759026c4e4fc95f08dc51e0bd1","000459991",1,"ee9c6b9d983cd4be43f076b350e96aca"
"beab53b781babc3f7d760bd73569c6bc","000460459",1,"d0eeb53e18fcd257fe3d4b283ed3abce"
"caf75e47cd29520fc2f5986e172fb056","000460992",1,"25c04f313891ae5f99ae07f8e25b460d"
"2bc268ed04a0a3d541055ffb57194513","000524458",1,"0da003b079133508286ddac3ae7d6ecd"
"359c9364ee10e8b1612576a7a9c80225","000524705",1,"099a73f399615dee45265307f4b5374f"
"2bc268ed04a0a3d541055ffb57194513","000527994",1,"128e66f47641d8d983ae7d40bbba56ac"
"359c9364ee10e8b1612576a7a9c80225","000608269",1,"9ff4e8e0ce8c0829542027e8bd7db033"
"2bc268ed04a0a3d541055ffb57194513","000612052",1,"9fe92a16fa35524eeae11eef0d6a1532"
"8c35bd2b1c889b34210b6f39bf9b30b2","000612143",1,"b7eb03e955480fccf682a1a0c3f4c961"
"8e42abe73fde3115065d79784ecf8bf5","000462305",1,"4a5d475e4fcb92d5e0a3d283330747c1"
"035a5f01ebe9d366bc66c8d9aa361d11","000463007",1,"3ee40f1d1320a3e13f104b043f16fa20"
"f0b6ab0b0340041e4f5ccef642294001","000463007",1,"70bc372d2109757b8dff13eca090f829"
"8e42abe73fde3115065d79784ecf8bf5","000464593",1,"274374e61807719124fd262261c93e12"
"06fced581761312144a52662d177a750","000464827",1,"9689d4fb63b092ec97eaf6c84a48b7f5"
"26593b6f96aafedd3a4d9d0bf49743ce","000464970",1,"d2db68756e81da66e4f17c46158cba8d"
"6ce7e77344ab9981362b0d2be606df69","000529957",1,"53dcf1c3e86232a5880eeb3d38772d99"
"2b65538d4f0c25beee6e5c46e6f90269","000531634",1,"3eeea2df0f3ca04b509007d774b2403a"
"26593b6f96aafedd3a4d9d0bf49743ce","000532557",1,"56174becbc88889cb2659676195dd377"
"2bc268ed04a0a3d541055ffb57194513","000532765",1,"ea4afbb60c61639e27d0e3d6c1f35b8f"
"76dc32a049670ff33636396b6a148030","000533272",1,"8e0e340926f9dcaff89a8eaa918be789"
"2bc268ed04a0a3d541055ffb57194513","000534767",1,"7a64aa8ab3fc660e3659bd0e738fb611"
"035a5f01ebe9d366bc66c8d9aa361d11","000616381",1,"d6e3ccd63230c56857cf36f781a8f768"
"fac6504a36906835dcddd1380cb38d9e","000616979",1,"3ca9172f8dfa4d77ef0ae326909fdc17"
"26593b6f96aafedd3a4d9d0bf49743ce","000617356",1,"34e698253e5877c0f949a661433a62e7"
"cc4a9dffd8b714efd9722faf9f983979","000618682",1,"150a62f0efaf4a8c844415f523e3fbd0"
"1119b680e31631594a87f5d41bed7127","000619800",1,"39c8b91cf6875d6a47381f3dbd12895b"
"bb39647c56bfad8ec8edfe56b1ec5bac",800401488,1,"0141f568137b4534d8723dec3f13adb6"
"1119b680e31631594a87f5d41bed7127",800401488,1,"16b49d071969f1750d917f6f1d9c43b4"
"359c9364ee10e8b1612576a7a9c80225","000465503",1,"26e290cb0cb39690284838c5fa58006c"
"26593b6f96aafedd3a4d9d0bf49743ce","000466985",1,"a73448b2009cd289c2259cdadf3775f2"
"26593b6f96aafedd3a4d9d0bf49743ce","000467349",1,"896cdaa9f43e64dd2a67ff2d22a4730b"
"6ce7e77344ab9981362b0d2be606df69","000537107",1,"a94a08218ca15414394d00c6a1afc824"
"beab53b781babc3f7d760bd73569c6bc","000622868",1,"c81f90d1c29df7bf025ff8d012498b03"
"06fced581761312144a52662d177a750","000624116",1,"6c35f2d6d561072f77676e91d65a543f"
"1119b680e31631594a87f5d41bed7127","000626248",1,"569b400c5190d80b9b48871fbc0bc894"
"62929c2bd8065e7bfcbf9e0b6ba67593",800531888,1,"a3764c198ea250d5a9a31e436f971043"
"caf75e47cd29520fc2f5986e172fb056","000469468",1,"7e421c4b894636dc0069d7f693ecf116"
"06fced581761312144a52662d177a750","000469962",1,"ee872b676a1f191289aeb9c1573f9c48"
"26593b6f96aafedd3a4d9d0bf49743ce","000470560",1,"17f346454d25c3bcb1c80d7f4c543973"
"e9bb89d4729e18d82bfe6186f95439ce","000471483",1,"4eda5a6e78494bb9c16ca5441a9e5420"
"beab53b781babc3f7d760bd73569c6bc","000472081",1,"f8dc9eb5d90a1acc2e9b49080229fdb7"
"fac6504a36906835dcddd1380cb38d9e","000472198",1,"12b5457ce5d13366b26b2ad9444fac87"
"d2d59a5b9d84ed52d847568f5044bc8a","000541852",1,"cb2a6ab8400221ee1d86fd8826ffca83"
"06fced581761312144a52662d177a750","000541852",1,"1ffc4573bc6bf9e9286db91ac45da8b4"
"06fced581761312144a52662d177a750","000639027",1,"0bf6b9232d4e34f332730ae0d4135231"
"1aaafabda071d938ff29374cf9f2078c","000472705",1,"46eda799bb01bf81fc50833d153476b6"
"a7095c3e2ced5b12fa14ae4e2a01cc22","000473368",1,"8604b3f4bcf4818d62c9492340cca755"
"035a5f01ebe9d366bc66c8d9aa361d11","000474928",1,"1b5229cedbb5fc0a1258cf72de94b56f"
"26593b6f96aafedd3a4d9d0bf49743ce","000475409",1,"5b6f94c33cd18e790953b6baf63c7905"
"ff00d21042633c9728538e4595c8bf1b","000446003",1,"cc80d764daf2c04a79f4eb0826789687"
"76dc32a049670ff33636396b6a148030","000446224",1,"974fe4cd12bb9d5dd3bb477e53f3cdc3"
"8e42abe73fde3115065d79784ecf8bf5","000339702",1,"87923432f86d44728ecb994cf3e5143d"
"fac6504a36906835dcddd1380cb38d9e","000339715",1,"b3a8f24dd9c42e71cd703c167ebd3573"
"a7095c3e2ced5b12fa14ae4e2a01cc22","000374945",1,"a83d854f052e6605f25888852679d5b1"
"e56006144450b9593931a3af0a462d20","000375504",1,"a4dbf986719bcfbadb513b65b756b760"
"26be60f7709833fedbd974d7e977934b","000375712",1,"1dabab6cd47759d7df75b516fb988e6e"
"e56006144450b9593931a3af0a462d20","000376076",1,"7357eccb5d482ada709728024eff19bf"
"76dc32a049670ff33636396b6a148030","000446406",1,"b4ba368df3207e8111df8367637a781e"
"bb39647c56bfad8ec8edfe56b1ec5bac","000446458",1,"e45dcd5af26984d6cfef0642f3b30939"
"26be60f7709833fedbd974d7e977934b","000340963",1,"450850dda554fd2e086c53266d7f5e0d"
"2bc268ed04a0a3d541055ffb57194513","000341756",1,"49742580a71156fa57ce90c3c2478616"
"7acc931bb82f16387fb1f227f6ccfac4","000342133",1,"386f93b0b3180b6bf16ebad09d428389"
"e56006144450b9593931a3af0a462d20","000376687",1,"f507594f57c31a09b2b0a90d00a60a36"
"26be60f7709833fedbd974d7e977934b","000379872",1,"4d20725bec5944f85bd67a72a0308cda"
"fac6504a36906835dcddd1380cb38d9e","000343875",1,"3d0f96a78dd17a1ebb160db6ecec17f9"
"6ce7e77344ab9981362b0d2be606df69","000343940",1,"0bfba6b60492f1d19483cc7ffc11119b"
"4efbbb55ddc5b0f2f4717b6e20f8444f","000344070",1,"ec0a7b64c778b74b8e52e09aa978e3aa"
"caf75e47cd29520fc2f5986e172fb056","000381133",1,"81c94834e3d6a31bd08cd64be8c14a1e"
"6ce7e77344ab9981362b0d2be606df69","000381146",1,"98ee382fdbc3d7e1457870861992457d"
"b91e5616bb6e429a732d1043b526af0b","000447329",1,"ae0f0e5bd1bcedd132d8bf7803b28adc"
"8c35bd2b1c889b34210b6f39bf9b30b2","000447927",1,"597a02dfed562e5314cbb2275c50228b"
"b91e5616bb6e429a732d1043b526af0b","000447927",1,"96622749e8f6865e147d83bf91c5eb5a"
"b79695759026c4e4fc95f08dc51e0bd1","000447953",1,"4a9f1881b34a07af4ffad772ef89e52b"
"fac6504a36906835dcddd1380cb38d9e","000347112",1,"a17a05590140e3f576a8e3c288fc5487"
"6ee5fa583de16915691122714514c7b0","000382641",1,"81afb2ad142b26c0361f0e4739dba73d"
"8c35bd2b1c889b34210b6f39bf9b30b2","000383421",1,"fd69cb6c436ec1a259fced7300f3acde"
"486ab8a10dfe09c5573113a7cfba607f","000449474",1,"5bf7048f8ff1608998d843e1b3d54bbc"
"8943316de06f61be2c2d0dc64c481ed6","000449487",1,"b94a0f5971f7ed62eeb64b2e70aa3433"
"beab53b781babc3f7d760bd73569c6bc","000348217",1,"3136c75fa2e6773bf4ea9a636fab3a4a"
"a7095c3e2ced5b12fa14ae4e2a01cc22","000387321",1,"048c3de206f082986a8b38eecf830427"
"ff20fc37917757d5a87ff2afba98848f","000416935",1,"31d46ab0df4acd7c61b964edaa001c1c"
"8e42abe73fde3115065d79784ecf8bf5","000450163",1,"c9dc325a133f5ffa1ad7a1acaea62e2a"
"7acc931bb82f16387fb1f227f6ccfac4","000450280",1,"f370526858df40fa376fc3b5b7334569"
"1119b680e31631594a87f5d41bed7127","000450488",1,"8d73023c1b46267aa5db22e60e131ec3"
"fac6504a36906835dcddd1380cb38d9e","000349283",1,"ca35dfe499222f72fa85926568c9772c"
"528e079f134eda2cf62a67d18d65da9e","000351545",1,"3d99de01043a6ea8d17bfa7ae89665dc"
"e56006144450b9593931a3af0a462d20","000389154",1,"7eb0936b14f6895e01169d7b18230204"
"26be60f7709833fedbd974d7e977934b","000389193",1,"0e17e4bf95beb89d2445c77fce254001"
"caf75e47cd29520fc2f5986e172fb056","000451255",1,"48797b994fe3b586b287d5debae5d79c"
"e69c66f433ddec087fa8ffa725205014","000451372",1,"23edc5cdf17b366e22e2119a445852e9"
"486ab8a10dfe09c5573113a7cfba607f","000451658",1,"339acd273b5e313a8bea083c9dbd1ac1"
"7acc931bb82f16387fb1f227f6ccfac4","000451671",1,"bd9d2c5c847ead8434b9e821daaee184"
"486ab8a10dfe09c5573113a7cfba607f","000451762",1,"ed7e5a352d93c3691c2aef6dff4fc175"
"8c35bd2b1c889b34210b6f39bf9b30b2","000352806",1,"4b763815f61fcda0806b28450c1f3503"
"06fced581761312144a52662d177a750","000353573",1,"0b22a47e295123aba1534230e9706f1f"
"cc4a9dffd8b714efd9722faf9f983979","000391806",1,"1cff03f7d7d402f4817ebdb05f8bfae9"
"486ab8a10dfe09c5573113a7cfba607f","000392105",1,"7eb30f69d9ebccc914cac43848685f23"
"ff20fc37917757d5a87ff2afba98848f","000392612",1,"c1873d817bcf51438f38a0bd7d45f1fb"
"1aaafabda071d938ff29374cf9f2078c","000392664",1,"a1fd82183a1422c7670f4af6d98e06a1"
"bb39647c56bfad8ec8edfe56b1ec5bac","000392690",1,"c9cb04505d8a70ca1f98dc1f2b0c1eba"
"8943316de06f61be2c2d0dc64c481ed6","000324648",1,"bc153ca580a31895973ab59777ec6739"
"a7095c3e2ced5b12fa14ae4e2a01cc22","000325350",1,"c8beb85e11f9535b0ee7863d75fcf903"
"fac6504a36906835dcddd1380cb38d9e","000325597",1,"3b66f0582e66556c09f1a621dc3bf691"
"8c35bd2b1c889b34210b6f39bf9b30b2","000354925",1,"0935ea2f039152d3f4de2a4575975901"
"bb39647c56bfad8ec8edfe56b1ec5bac","000393431",1,"39194fa30e4f42c47be3f7f635be81cb"
"a7095c3e2ced5b12fa14ae4e2a01cc22","000395030",1,"55259ed5211a95b8f21ad0213f8f9444"
"8c35bd2b1c889b34210b6f39bf9b30b2","000327547",1,"86100f58fac8cae62c6c64bada7a37f2"
"a7095c3e2ced5b12fa14ae4e2a01cc22","000355991",1,"c0270c8d61946fe5213494937263cd4e"
"26be60f7709833fedbd974d7e977934b","000356134",1,"76feba28552d1d8a78fd230579d8a820"
"fac6504a36906835dcddd1380cb38d9e","000356810",1,"d56bf5da762f42d2c771155d7153338d"
"06fced581761312144a52662d177a750","000396213",1,"84f718472be429963cb48792998876e7"
"b91e5616bb6e429a732d1043b526af0b","000327833",1,"a4b0fab22e5d2a6b9e353b8dd836b5ca"
"8c35bd2b1c889b34210b6f39bf9b30b2","000329614",1,"0cc6509e91326e94f761a6899e276894"
"1aaafabda071d938ff29374cf9f2078c","000357083",1,"954e4accdbb60b7b6159488cdaa2153a"
"e56006144450b9593931a3af0a462d20","000357161",1,"eade0ae40888b091f95e978bda535c79"
"8c35bd2b1c889b34210b6f39bf9b30b2","000357616",1,"acdd376ff9748c7b00f224755acc4380"
"2bc268ed04a0a3d541055ffb57194513","000397630",1,"edc25ea21e80ccd420896eaaab092773"
"a7095c3e2ced5b12fa14ae4e2a01cc22","000397682",1,"6f0b8710ff3c1d96dad6ac2ca89e7d01"
"2bc268ed04a0a3d541055ffb57194513","000397851",1,"9176f35f36d22193ac09fd3757be4f2b"
"caf75e47cd29520fc2f5986e172fb056","000436968",1,"0298f0591ad5bb906becb453f47b067e"
"4efbbb55ddc5b0f2f4717b6e20f8444f","000330433",1,"bcd7f66337c2e61b035a0ba0d7a46c30"
"035a5f01ebe9d366bc66c8d9aa361d11","000359982",1,"f97ea3d05269d4372d976ec7e84d1cd7"
"d2d59a5b9d84ed52d847568f5044bc8a","000361074",1,"3bd0d462f76fa3a122d8410441d34c11"
"035a5f01ebe9d366bc66c8d9aa361d11","000398644",1,"f5950bc0416a1e8814ce812210fe33d4"
"fac6504a36906835dcddd1380cb38d9e","000398865",1,"d11bb5683fb897f1f1d131e5cc1d7752"
"d2d59a5b9d84ed52d847568f5044bc8a","000398891",1,"c20b44b3dc39c3dd3d116cf7f49b85e9"
"dd8116d3e74520f9f97207994ef128b2","000399827",1,"4773e9e262756de5cb0971a80d524c82"
"8c35bd2b1c889b34210b6f39bf9b30b2","000400282",1,"be9fe4d79e5a72c0053c289f7f747412"
"2bc268ed04a0a3d541055ffb57194513","000331070",1,"be03954c282376a6e715671dd9069467"
"26be60f7709833fedbd974d7e977934b","000331837",1,"6b623a65c2e88b1243150c4690b22797"
"1aaafabda071d938ff29374cf9f2078c","000361620",1,"66bcdeed8a82a344c0cd1eab9cd67813"
"fac6504a36906835dcddd1380cb38d9e","000362296",1,"39549fdfa9b9ef78c84a69d9ac25a2b8"
"fac6504a36906835dcddd1380cb38d9e","000400633",1,"fcdfe410a989989a20449782612443bf"
"8c35bd2b1c889b34210b6f39bf9b30b2","000401218",1,"888551f0c25bce70d34a1b3370b2922f"
"d2d59a5b9d84ed52d847568f5044bc8a","000402154",1,"50f9fa4df4d26f00b946fdb2fa2ba246"
"029d50d360d514fe2c959858c3a68f0a","000402154",1,"97f7e0020fc6bd6784763b94229a8e74"
"2bc268ed04a0a3d541055ffb57194513","000402154",1,"6fff296883e442c7d6e4d96025c42da7"
"bb39647c56bfad8ec8edfe56b1ec5bac","000402440",1,"2ae00fa0e6a344d5f307d4753e62babc"
"029d50d360d514fe2c959858c3a68f0a","000333332",1,"70ed3f9872477e0a948acde01b944f90"
"6ee5fa583de16915691122714514c7b0","000362686",1,"6e10221e95991f60b616ac2ab33d7fff"
"486ab8a10dfe09c5573113a7cfba607f","000362764",1,"88d2dd500afa1103fc8bdea219bcba09"
"cc4a9dffd8b714efd9722faf9f983979","000363115",1,"de025a738e6c5742c6cc2fdd2cd57e45"
"fac6504a36906835dcddd1380cb38d9e","000363583",1,"9026c8fa82abcc9dbd15acbb052f6f78"
"8c35bd2b1c889b34210b6f39bf9b30b2","000403181",1,"a795cab03bcc5ed5c9a2ecad523c0ff0"
"26be60f7709833fedbd974d7e977934b","000406509",1,"b02df91908770e6ef0a274dd3c0587fb"
"8c35bd2b1c889b34210b6f39bf9b30b2","000407094",1,"76a44c29a01c8752b5b901ff39e57d4c"
"e9bb89d4729e18d82bfe6186f95439ce","000335074",1,"8444d01f1faa05230475fdb9a09f1e9e"
"8c35bd2b1c889b34210b6f39bf9b30b2","000364714",1,"c314e8d073b89fc2be977c6f7c695d2b"
"4efbbb55ddc5b0f2f4717b6e20f8444f","000366196",1,"fbc5f312f86970ab799140f33b727cde"
"dd8116d3e74520f9f97207994ef128b2","000336335",1,"c316caeb3a3816c6aa89bb6d53d3b2bc"
"d2d59a5b9d84ed52d847568f5044bc8a","000337284",1,"e9722470e5a210b60adc3e26e591f19c"
"a7095c3e2ced5b12fa14ae4e2a01cc22","000369589",1,"348893938b89963f278f2908a20c7a4c"
"e56006144450b9593931a3af0a462d20","000369589",1,"03864c5286efd53f3cefad3bd5388a49"
"d2d59a5b9d84ed52d847568f5044bc8a","000337427",1,"4072f31d48fe1c65d9eca2c449cc4c0b"
"8c35bd2b1c889b34210b6f39bf9b30b2","000337609",1,"f354b17d2955691e104ecd8898005916"
"b79695759026c4e4fc95f08dc51e0bd1","000337609",1,"fb66f13b56d36a85d050fd0a0939ab58"
"cc4a9dffd8b714efd9722faf9f983979","000337856",1,"e2a1a7be9476e9012ae4cb25a1439384"
"a7095c3e2ced5b12fa14ae4e2a01cc22","000338298",1,"3028f4ebce60a78d930e833fed59ae56"
"d2d59a5b9d84ed52d847568f5044bc8a","000339104",1,"c20df87c8c7d8d621265eaeebb4f1dd4"
"e9bb89d4729e18d82bfe6186f95439ce","000370538",1,"4d899163945bb131355f12266a11dca7"
"a062fda62edb9dca5fcc3c6f789e7bf2","000370538",1,"0c8d8aa507e57803c67836487959eccc"
"d2d59a5b9d84ed52d847568f5044bc8a","000370759",1,"24e40292c3b9917fa78317fdc538c097"
"26be60f7709833fedbd974d7e977934b","000371110",1,"8e2d886100eec3fb3f45aa16695125db"
"8943316de06f61be2c2d0dc64c481ed6","000371149",1,"3edaea915c61e654c90449fed94e8561"
"ff00d21042633c9728538e4595c8bf1b",802385991,1,"0bbe3abee38d36a840ad388d242a9bc5"
"8943316de06f61be2c2d0dc64c481ed6",802375877,1,"59256618c815699621e8bd58cde8eb49"
"6ce7e77344ab9981362b0d2be606df69",802145203,1,"0a4b811543cb73e373d273edf8b7ebf2"
"76dc32a049670ff33636396b6a148030",802466721,1,"737ca070101a64c57a5a75a6e7423301"
"359c9364ee10e8b1612576a7a9c80225",802593915,1,"577b4022458f91f9d6e6977b3827a116"
"e9bb89d4729e18d82bfe6186f95439ce",802539833,1,"ec1473e807b2f0a7e0b3347e86f75220"
"528e079f134eda2cf62a67d18d65da9e",802533997,1,"014b15ac422d102aafc33ef0aeca46e9"
"fac6504a36906835dcddd1380cb38d9e",802552989,1,"188a83183384117214a02a3d0dc700a6"
"1549a99651f9094fbdef430192424c81",802703464,1,"c08534ec99cd5470f703c1ea84940cd1"
"528e079f134eda2cf62a67d18d65da9e",802713214,1,"5cbd740366ccb0c8c077834ed945b0d9"
"f0b6ab0b0340041e4f5ccef642294001",802641545,1,"caa9d170a0a0bab7ed6341397f025387"
"e9bb89d4729e18d82bfe6186f95439ce",802874206,1,"41ae6da60c75a1aca1e3e9dd49ead40f"
"1119b680e31631594a87f5d41bed7127",802891639,1,"3009e6b5af75b338c46dd2f8010284f9"
"b91e5616bb6e429a732d1043b526af0b",802847842,1,"dbf1e184968c56ca879a3b8ab697ab4f"
"8943316de06f61be2c2d0dc64c481ed6",802785247,1,"b63e2ce17854f44fc72d58866299ec9e"
"1119b680e31631594a87f5d41bed7127",803232304,1,"f508b7774ffc2263ec04cff534febc73"
"029d50d360d514fe2c959858c3a68f0a",803202573,1,"aa33fc886b6e96dd7c1ff9b72ae33f81"
"62929c2bd8065e7bfcbf9e0b6ba67593",803202573,1,"16779d2eec2d31b3fff5259cb706f005"
"6ee5fa583de16915691122714514c7b0",803365929,1,"f4542e72d34724598e6df1e00dc3e170"
"ff20fc37917757d5a87ff2afba98848f",803310850,1,"12b92dcaec752d8f892f347d5926695c"
"2b65538d4f0c25beee6e5c46e6f90269",803260475,1,"f1790364c3f44dd7261659c9fdefa2d7"
"dd8116d3e74520f9f97207994ef128b2",803460493,1,"26ba5c8a825f225d0d556faecac5c3ed"
"beab53b781babc3f7d760bd73569c6bc",803402253,1,"5ad403d0c29b30165e475e7b35fb70cb"
"62929c2bd8065e7bfcbf9e0b6ba67593",803416488,1,"2351f4b8df62f3f53c371b5e188d563e"
"486ab8a10dfe09c5573113a7cfba607f",803416488,1,"29f151ddceeb82497e6f103ad738ff8f"
"3637c95b1f434ff8e5214cbc505f71ee",803647823,1,"d5185c257f5f0e967877ad916a517a7a"
"4efbbb55ddc5b0f2f4717b6e20f8444f",803651749,1,"827ce6c504e58e6be33418f5370676a0"
"e9bb89d4729e18d82bfe6186f95439ce",803695793,1,"0e8713f8eb2fd7478dcebefed02bdcd9"
"dd8116d3e74520f9f97207994ef128b2",803611904,1,"f20a1d09e2cf722e3bd87bb26c885ace"
"ba5f8970d68351d074919fb9fa1adf70",803591442,1,"3c582b7e47fe4dc32404716444bd1de4"
"ba5f8970d68351d074919fb9fa1adf70",803577248,1,"55b83989c3dcfb5aa87ba0c13d172cde"
"6ce7e77344ab9981362b0d2be606df69",804644540,1,"6ad60e88fb105e9ce20aaa122bd88d76"
"06fced581761312144a52662d177a750",804686880,1,"60f7c37e604733c1c462de11ee29b65b"
"0f2f46234928dcce73ec5dbb683bd17a",810641460,1,"6487f93bc2a4791de1ecf95ee5e9f517"
"029d50d360d514fe2c959858c3a68f0a",810651157,1,"42ea67f1a2d907ba3a4422480924d628"
"bb39647c56bfad8ec8edfe56b1ec5bac",807606631,1,"907e8f7d6ec458c4650bf1855d937bcd"
"2bc268ed04a0a3d541055ffb57194513",807717992,1,"1db3be868092844eeea60fedf7b36057"
"e69c66f433ddec087fa8ffa725205014",810713735,1,"eea6321fdd91f5e0a0a2868eaa7ba5b8"
"ba5f8970d68351d074919fb9fa1adf70",805170793,1,"0d12d57e5c28eb538009ac13398df77f"
"4efbbb55ddc5b0f2f4717b6e20f8444f",805178305,1,"c7404163eff0131c69ef2bc726f83c2d"
"8c35bd2b1c889b34210b6f39bf9b30b2",810786940,1,"b4b401dde1b2cc9c68eaca9a245f1ece"
"ff00d21042633c9728538e4595c8bf1b",810107729,1,"6bbb1e2604b49f4b6912004358426c02"
"bb39647c56bfad8ec8edfe56b1ec5bac",808205606,1,"2c65761ddec42297005a42a496d6fb39"
"caf75e47cd29520fc2f5986e172fb056",810187285,1,"07d1788ba0fc3e70b9a4a4770e27434c"
"7acc931bb82f16387fb1f227f6ccfac4",803775284,1,"1a5dab6c797951da86ed7ac4ae8483a8"
"1aaafabda071d938ff29374cf9f2078c",805744326,1,"7615d5dfa70917d883022050897e8ec5"
"b91e5616bb6e429a732d1043b526af0b",810289117,1,"d33051971cd6be9fdf993945b1965b32"
"ff00d21042633c9728538e4595c8bf1b",803779001,1,"b818393dccdea6d3ad27a02876f5f4c5"
"ba5f8970d68351d074919fb9fa1adf70",808787103,1,"90c2ded38d7927d0dbef1d6a2d838ad3"
"bb39647c56bfad8ec8edfe56b1ec5bac",803782970,1,"a8bd84d4ad309cf234d353814359c247"
"e56006144450b9593931a3af0a462d20",806508712,1,"e4671a95ec715eba406d6f5847fb9636"
"cc4a9dffd8b714efd9722faf9f983979",810396066,1,"923c91a8fed9558441be83a9baeea86c"
"359c9364ee10e8b1612576a7a9c80225",810510233,1,"a8dce92f7a328c626588bc8d4960a5da"
"7acc931bb82f16387fb1f227f6ccfac4",804576933,1,"c4d486114cd4967cf88faa84e4ee8ad2"
"e69c66f433ddec087fa8ffa725205014",804599056,1,"e195a7f008ff6520b16830778927972a"
"359c9364ee10e8b1612576a7a9c80225",803766472,1,"419504912cb67b58e7498eea2a4215ed"
"0f2f46234928dcce73ec5dbb683bd17a",803767168,1,"f352983b25b9ad9092cb3e6adb6cdab4"
"2b65538d4f0c25beee6e5c46e6f90269",803770164,1,"5f3d2b2f9505280cf1ebdd6c750cab79"
"beab53b781babc3f7d760bd73569c6bc",803772218,1,"66587968cbe98141a282338273627b24"
"6ee5fa583de16915691122714514c7b0",803697275,1,"a0cb8246b23193a28118e5146c643a42"
"7acc931bb82f16387fb1f227f6ccfac4",803712927,1,"010eb9de67a2cc16657ecb803f57b916"
"62929c2bd8065e7bfcbf9e0b6ba67593",803741161,1,"0d4ec9015d1a29b6a9b9134da9488a4f"
"486ab8a10dfe09c5573113a7cfba607f",803741161,1,"d829d63befafac5b5a22269c0edab868"
"ff00d21042633c9728538e4595c8bf1b",803744736,1,"fb64eaaca36a4e4d81cc20b2f1bafc7a"
"4efbbb55ddc5b0f2f4717b6e20f8444f",814797636,1,"aadbc58a913fa547e07877611ac97d60"
"bb39647c56bfad8ec8edfe56b1ec5bac",814806304,1,"153f336dc99d8b6d10c416883b2461ea"
"b79695759026c4e4fc95f08dc51e0bd1",813673244,1,"a53946187e58de8103001b27616e21bf"
"e9bb89d4729e18d82bfe6186f95439ce",813673244,1,"c1d7a2ff6e5f70fd3261a85bb97dd724"
"dd8116d3e74520f9f97207994ef128b2",814219684,1,"bb57150a191a6b5cf179945d32db9ea0"
"dd8116d3e74520f9f97207994ef128b2",814283912,1,"5a94f344fc881454e864edfc35ce7d39"
"1549a99651f9094fbdef430192424c81",814862196,1,"6b9e69659fd394b16bd1ff34fb485199"
"e56006144450b9593931a3af0a462d20",814867827,1,"7f39e020e6262a00d34b53ffd3e338f5"
"f88458233ed35e86395e6920bacad35a",814328728,1,"1f6ec8c961dd7bdd9efdec58003fe0f3"
"a7095c3e2ced5b12fa14ae4e2a01cc22",813765327,1,"16acf459b26c5530e8a843cee759c4e5"
"2b65538d4f0c25beee6e5c46e6f90269",814377067,1,"e5c57d193b1e40d525d63b25971317b3"
"4efbbb55ddc5b0f2f4717b6e20f8444f",814377067,1,"e8d299d36ba3c5e2bf4cd4742cacaf3a"
"7acc931bb82f16387fb1f227f6ccfac4",815661467,1,"b807409d60b303daa2af7c42ac861915"
"6ce7e77344ab9981362b0d2be606df69",813787722,1,"cf358b308344b01ac39622528fc6bdd0"
"e9bb89d4729e18d82bfe6186f95439ce",813811984,1,"a2d2af734b01ce2cc3c99af664c55c21"
"8943316de06f61be2c2d0dc64c481ed6",814445278,1,"e7689c1b7089c66cf91b64a7de497789"
"7acc931bb82f16387fb1f227f6ccfac4",814461632,1,"ce1c3bfb431f655065be2b15f8c5a0af"
"b91e5616bb6e429a732d1043b526af0b",815119412,1,"433c4203b70dcdf2c369aa133cf18ee8"
"ba5f8970d68351d074919fb9fa1adf70",813246004,1,"a258388296215da8ae091363de779b98"
"924aba7f43c50700c8b6da527117483e",813848012,1,"94de951f768fce02c1b10a1949751e10"
"6ee5fa583de16915691122714514c7b0",815124093,1,"f4dbb56f50b69e8238b0c491f03ce516"
"924aba7f43c50700c8b6da527117483e",813298529,1,"b6d1f23105f101f5e21d5604fe2b0960"
"e56006144450b9593931a3af0a462d20",813876600,1,"016951049dffa5469dd064ff492148f1"
"486ab8a10dfe09c5573113a7cfba607f",813927099,1,"bbbfdd4985ad29aa9d597943de3d6802"
"beab53b781babc3f7d760bd73569c6bc",813949479,1,"f1216d170ea3da8a959a57bcd10f282f"
"b79695759026c4e4fc95f08dc51e0bd1",813949479,1,"683e0cfb23be44ae0a204c10cdb13c9a"
"ff20fc37917757d5a87ff2afba98848f",814495716,1,"7e8f1af4ee5a22fc2a50109caf600d63"
"8943316de06f61be2c2d0dc64c481ed6",815151831,1,"a81d90cac98ac4467d84017a85289e72"
"359c9364ee10e8b1612576a7a9c80225",815187185,1,"3cb1b74e917e6c7923e69f3f54aad371"
"029d50d360d514fe2c959858c3a68f0a",813976256,1,"03ae7cb98fb22169549ec484cc33cdaf"
"6ee5fa583de16915691122714514c7b0",815231083,1,"03235a1c011117c21a6b1d3d9edcd142"
"486ab8a10dfe09c5573113a7cfba607f",813388600,1,"db06dae1724bcdc30996678ea8e862fe"
"26be60f7709833fedbd974d7e977934b",815293650,1,"c6db0e81c9c59a15f44ccdf50d703e1e"
"6ee5fa583de16915691122714514c7b0",813405802,1,"5491b0864f4582456f24ad6371445e1b"
"1549a99651f9094fbdef430192424c81",814051856,1,"43e56f0bc0e033ee7a916f9ea560e098"
"ba5f8970d68351d074919fb9fa1adf70",815313208,1,"d8a99e6ca52eda6002e007c13280a001"
"2b65538d4f0c25beee6e5c46e6f90269",815313576,1,"7afc6f711677064da6ac0936b4100a0d"
"4efbbb55ddc5b0f2f4717b6e20f8444f",815313576,1,"ce24e8209838971818a5df1e35818dbd"
"7acc931bb82f16387fb1f227f6ccfac4",815325021,1,"4048a6eaf7cde8d27da0babad9b5a6f7"
"4efbbb55ddc5b0f2f4717b6e20f8444f",815335878,1,"84552d8132aca98871738d4307006846"
"76dc32a049670ff33636396b6a148030",815370407,1,"c2e45697f2c314103910dd784b4bd7dc"
"06fced581761312144a52662d177a750",813485562,1,"4b31b082252be7af51e41984c2610095"
"dd8116d3e74520f9f97207994ef128b2",814103487,1,"0e0c02e34422041f757d0be82c3e69bd"
"f0b6ab0b0340041e4f5ccef642294001",814685924,1,"5505204a589ba29163d00f77bf5f5fe5"
"ff20fc37917757d5a87ff2afba98848f",815379967,1,"36771471c66936aec4717f550202f0e7"
"a062fda62edb9dca5fcc3c6f789e7bf2",813514427,1,"6f556dc90af1eaada2b2165b8cc0cdc3"
"beab53b781babc3f7d760bd73569c6bc",814137806,1,"7be32f9be30c9512242e8ed1091d4a4f"
"b79695759026c4e4fc95f08dc51e0bd1",814137806,1,"02c2ab42e05b07c9c11195dc0fda62b7"
"6ce7e77344ab9981362b0d2be606df69",814148702,1,"6f7b42ffdf63456708124fbeb229d369"
"caf75e47cd29520fc2f5986e172fb056",815397690,1,"4eeb2329dec4bd47786a3559d20aed25"
"1549a99651f9094fbdef430192424c81",813592832,1,"537d789fc78f3381bb7e51ffe3669e73"
"8943316de06f61be2c2d0dc64c481ed6",812414062,1,"744afd607da0939f2ce6be4a14475cac"
"8c35bd2b1c889b34210b6f39bf9b30b2",812440651,1,"f6216b23ac8312a15f370d02a4003dc4"
"1549a99651f9094fbdef430192424c81",812447338,1,"e3a9678fca9bfa45e6b6cc660c818f8d"
"f88458233ed35e86395e6920bacad35a",812453509,1,"3aba3c7e4596745a4de65daf48df02aa"
"caf75e47cd29520fc2f5986e172fb056",811815574,1,"128bfc59f2369a0f2e68eba27e6205b7"
"cc4a9dffd8b714efd9722faf9f983979",813091605,1,"a42ace64830ed8864f98719b41ffcdf9"
"e9bb89d4729e18d82bfe6186f95439ce",811293101,1,"b8007d15e86da59374c54540f9fbc57b"
"a062fda62edb9dca5fcc3c6f789e7bf2",811293101,1,"19bedb1a6d45656a2feb5b35966f33e0"
"a062fda62edb9dca5fcc3c6f789e7bf2",811852866,1,"dc2e956a8b4c012b7411c3cb064eff4b"
"6ce7e77344ab9981362b0d2be606df69",812493274,1,"65341db2198d0cb0e35bd039cb47a7c5"
"035a5f01ebe9d366bc66c8d9aa361d11",811340866,1,"962b2e0586a8b499c0a131e0b32a6333"
"26be60f7709833fedbd974d7e977934b",811933668,1,"cb5ea94ded2039c5afa0e90821e52147"
"caf75e47cd29520fc2f5986e172fb056",812576168,1,"8c6b68bfbdab05752c0227ba29412ff4"
"b91e5616bb6e429a732d1043b526af0b",812605502,1,"8c7cec46dd989d6c35d4ef80c32338d3"
"6ee5fa583de16915691122714514c7b0",811960644,1,"78dd74743691fee7d0edbe81db36d9cd"
"a7095c3e2ced5b12fa14ae4e2a01cc22",811428346,1,"0af4c8315dd6c3752a49a066958ba4a2"
"bb39647c56bfad8ec8edfe56b1ec5bac",812052198,1,"44c7d974c936bb3fa547bb12d20c1474"
"b79695759026c4e4fc95f08dc51e0bd1",812722740,1,"2d36fba6aab0c0aeac5ccd6941e28f63"
"2b65538d4f0c25beee6e5c46e6f90269",812722740,1,"7cf2ae352821a2b0b3e2ea954ea30225"
"8943316de06f61be2c2d0dc64c481ed6",810897519,1,"7f0c4f75ead123a5bee404abca293915"
"cc4a9dffd8b714efd9722faf9f983979",812765907,1,"a5d6875f435056335103e308bc619152"
"caf75e47cd29520fc2f5986e172fb056",810941835,1,"6c8044b0c421545436a690609cca87a7"
"8943316de06f61be2c2d0dc64c481ed6",810945349,1,"87e9214eb07052a9b6a8ddc4bf2225d1"
"8c35bd2b1c889b34210b6f39bf9b30b2",811049578,1,"0a213103a450c09889533db87de260bb"
"8943316de06f61be2c2d0dc64c481ed6",811621180,1,"28ab1bc1b591f005669d71b8cd1561f0"
"528e079f134eda2cf62a67d18d65da9e",812199030,1,"210d1c2be1a0b5ac0dd4c69bb0df1ddb"
"2b65538d4f0c25beee6e5c46e6f90269",812827693,1,"3d525bb5b03134004f2dbf2169674699"
"b91e5616bb6e429a732d1043b526af0b",812854846,1,"10db7f6ae212b88c7726fb15f1183de1"
"035a5f01ebe9d366bc66c8d9aa361d11",811077814,1,"f56d526e53257f306cd51fda12fabbfe"
"1549a99651f9094fbdef430192424c81",811654536,1,"f29b9affeb8ac4dced0efb78b3f1b2d3"
"f88458233ed35e86395e6920bacad35a",812872473,1,"77db16091d43b3ccaae3a07b65675201"
"6ee5fa583de16915691122714514c7b0",811102328,1,"6abb6e7d4b0aea61abb0ba39f607166e"
"41b2c6064c43757cb7bca69e94154efe",812300595,1,"fa1b158c444cdf94d7d0119700f3ce6f"
"bb39647c56bfad8ec8edfe56b1ec5bac",812308828,1,"094cab52455ae3e8386d0570464926d1"
"a062fda62edb9dca5fcc3c6f789e7bf2",812915850,1,"36a55369d1ea18392a78a661a65f62f7"
"035a5f01ebe9d366bc66c8d9aa361d11",811132161,1,"19267fbb80fc0d0a3a0aea472795ab7c"
"ff20fc37917757d5a87ff2afba98848f",812941589,1,"d2888e9f0ab82be779ce3a7e4ba04c58"
"d2d59a5b9d84ed52d847568f5044bc8a",812989943,1,"7e01787b48b3d524059449428043f229"
"2b65538d4f0c25beee6e5c46e6f90269",811792314,1,"9332629c6ffe4036a8a3138affa382b6"
"e69c66f433ddec087fa8ffa725205014",819676753,1,"4124b0213fc98a821d373c2415473106"
"b79695759026c4e4fc95f08dc51e0bd1",820385835,1,"43c1d7477c76b6fe1b5caf1a5b43b7e9"
"924aba7f43c50700c8b6da527117483e",821041834,1,"14184120dd0af9b60699cf714ff5ac09"
"e9bb89d4729e18d82bfe6186f95439ce",823060700,1,"cde9de18ed7f54b3215fb33b7376985a"
"ff20fc37917757d5a87ff2afba98848f",820404531,1,"04564aef1ecee696b0c8bc99d06767a8"
"359c9364ee10e8b1612576a7a9c80225",823282689,1,"0a8caaf67a5971d45b1fc1c54e715365"
"8943316de06f61be2c2d0dc64c481ed6",823319037,1,"1b802429ff27663f144ed26b41bd76c4"
"7acc931bb82f16387fb1f227f6ccfac4",821146065,1,"6f8b73af9c472c6494c78b2fdb64aa63"
"bb39647c56bfad8ec8edfe56b1ec5bac",823405999,1,"b3cd75aa69b1ab15495f80020ed64691"
"b91e5616bb6e429a732d1043b526af0b",821224397,1,"c48038ddcc4a4b0b5c1a9ceaa9efe7c1"
"a062fda62edb9dca5fcc3c6f789e7bf2",819917597,1,"83f08b2e026f0e4065b6582a3902b416"
"e9bb89d4729e18d82bfe6186f95439ce",820528379,1,"749c8be56a41fc3432a65e26140d0976"
"41b2c6064c43757cb7bca69e94154efe",819969922,1,"b2892161938d7cc10a500183d54418da"
"b91e5616bb6e429a732d1043b526af0b",820007911,1,"553f9a616965c890c14b4fd39d3ec6f9"
"6ee5fa583de16915691122714514c7b0",820581010,1,"0a550426c9953495af7652363973772b"
"ff20fc37917757d5a87ff2afba98848f",821299983,1,"72b586a3ac35bf04551d9d14cae200ea"
"bb39647c56bfad8ec8edfe56b1ec5bac",820015425,1,"7545ea39ff4027dcc4fb8bb91cc6a7eb"
"4efbbb55ddc5b0f2f4717b6e20f8444f",821354236,1,"e23ccfdaeeed2385e7eed131b8aa24b7"
"6ee5fa583de16915691122714514c7b0",819161845,1,"eeaa5c6a17a5403a40edf02ee701b775"
"e9bb89d4729e18d82bfe6186f95439ce",820619105,1,"f9d9dea74e3fd0ed0d1069d6151d64ce"
"2b65538d4f0c25beee6e5c46e6f90269",820658749,1,"4ee688822b0529440c119cf5f70dada6"
"beab53b781babc3f7d760bd73569c6bc",820668568,1,"baf8c6131195abc09074d95b90aebc27"
"ba5f8970d68351d074919fb9fa1adf70",821416012,1,"a7d28ada8e9a132bd02cda5c914b5d48"
"2b65538d4f0c25beee6e5c46e6f90269",820162444,1,"5974c3e01177c546ed5988223896c39b"
"6ee5fa583de16915691122714514c7b0",821639690,1,"6cfb8de209ea5b874704011a2949b8fd"
"f88458233ed35e86395e6920bacad35a",820202764,1,"e02d4cf6757bb0c17317956ea1a23ac6"
"6ce7e77344ab9981362b0d2be606df69",820798015,1,"e8bb1496cf75ac32fd684af7b28b3bd9"
"cc4a9dffd8b714efd9722faf9f983979",820804572,1,"1bc482c18b30a79d6c8e0bd3d0243896"
"ff00d21042633c9728538e4595c8bf1b",821823246,1,"dc443430fbd2cec0c8e47a9521f43d26"
"b91e5616bb6e429a732d1043b526af0b",820231180,1,"cbbd9e205c28eaac239f79a575f0f104"
"beab53b781babc3f7d760bd73569c6bc",820253890,1,"34d049af04a7049767784b1b210d4bff"
"ff20fc37917757d5a87ff2afba98848f",820863340,1,"af71d1e6ccd2512227ddc6865c0898ff"
"06fced581761312144a52662d177a750",818776276,1,"44ec95c71fd8c949c1a149807846d724"
"7acc931bb82f16387fb1f227f6ccfac4",818076473,1,"1d8a0ae14d44555fc4609ffcdf29b8d1"
"035a5f01ebe9d366bc66c8d9aa361d11",818849173,1,"b8ca921372f3074f6a0b19f38f087915"
"f0b6ab0b0340041e4f5ccef642294001",818849173,1,"774b6190be5bf9b9300aa039b65bccd3"
"fac6504a36906835dcddd1380cb38d9e",816292303,1,"ea757f7de0cc6df84a187ebe5248d00d"
"359c9364ee10e8b1612576a7a9c80225",818333104,1,"394e2298d05be8d58b74416a3920c575"
"3637c95b1f434ff8e5214cbc505f71ee",818334840,1,"4bfb6d4b0dc4b9e39a696a7640c9f2bb"
"26be60f7709833fedbd974d7e977934b",815780616,1,"cb2e30b2749df5387e14feb200de42cd"
"3637c95b1f434ff8e5214cbc505f71ee",817397075,1,"0797eac627132ab9b07c9b51ba932ed0"
"1aaafabda071d938ff29374cf9f2078c",817397075,1,"bad7b3e89e6bbcc55562d020808a616e"
"bb39647c56bfad8ec8edfe56b1ec5bac",818372344,1,"7def859f458d869a9514f5ecd993589a"
"029d50d360d514fe2c959858c3a68f0a",817462306,1,"6b45acd0a07a402a3882a04dde65fe63"
"62929c2bd8065e7bfcbf9e0b6ba67593",817462306,1,"cbe021b56da6c82fdd537c1833e86309"
"fac6504a36906835dcddd1380cb38d9e",816575590,1,"9bf5952050573cf6b755401ef04fd16d"
"486ab8a10dfe09c5573113a7cfba607f",816575590,1,"5832d3e9a4143bc9ccbf033bd4c01dee"
"06fced581761312144a52662d177a750",817499721,1,"883233dbb313ec67a29f9d0749c014f8"
"26be60f7709833fedbd974d7e977934b",818438891,1,"a94b3c6d84378a65c043851f819a11c7"
"bb39647c56bfad8ec8edfe56b1ec5bac",818438891,1,"4be3c1f3821e3e07212d4d938ad38a85"
"1549a99651f9094fbdef430192424c81",815961126,1,"0519a14433c1e31dbcd94d02c18f4346"
"ba5f8970d68351d074919fb9fa1adf70",816616081,1,"ba9cba8f24f99cccdcf8a160c2159395"
"f88458233ed35e86395e6920bacad35a",818463193,1,"39f9e512522e032028f46a2a95d4d2ae"
"4efbbb55ddc5b0f2f4717b6e20f8444f",816009078,1,"2a200072c6e558af880c53017ef017d3"
"ff00d21042633c9728538e4595c8bf1b",818553279,1,"8269c38ce4888c2a0ea57a5cbbc006d2"
"a7095c3e2ced5b12fa14ae4e2a01cc22",818608915,1,"aac3bb04aabbcabcc03259ea8ffe7cd9"
"7acc931bb82f16387fb1f227f6ccfac4",817735374,1,"28585f971d3f1274dfbee7da252ee9d1"
"ba5f8970d68351d074919fb9fa1adf70",817785737,1,"e6a1bcb3da7e526d91d529cfc151b543"
"029d50d360d514fe2c959858c3a68f0a",816199722,1,"603e2631f3ecf2c8b09f1da82a9dfe6d"
"26be60f7709833fedbd974d7e977934b",816901163,1,"e816138e26922ebbb65e0523e2f8d221"
"7acc931bb82f16387fb1f227f6ccfac4",817872359,1,"58071004ee572af051367f461d7ef5ad"
"1aaafabda071d938ff29374cf9f2078c",848902773,1,"e343407f4b2ae9968fe9ac8ecb27c9a9"
"1119b680e31631594a87f5d41bed7127",838793057,1,"e703b54697a0814a9b95e8506b6a3461"
"1549a99651f9094fbdef430192424c81",839008007,1,"afc24d5394db0f071709bafc6c67696a"
"359c9364ee10e8b1612576a7a9c80225",849089823,1,"11e212c3b6806e978c457695bef70948"
"7acc931bb82f16387fb1f227f6ccfac4",849167898,1,"6b582b078cba5be383e19d4de68fc5fc"
"1aaafabda071d938ff29374cf9f2078c",849169497,1,"affba0895ad66df0c805c9e39d5da5f6"
"528e079f134eda2cf62a67d18d65da9e",839056447,1,"22f6c58ee64f139280358c722ebf6b53"
"029d50d360d514fe2c959858c3a68f0a",843007178,1,"e58776e3a2f8139f863f4f8e6cea5817"
"2b65538d4f0c25beee6e5c46e6f90269",846353069,1,"0a17d09b0fea026adfc5baa6103d7b57"
"e9bb89d4729e18d82bfe6186f95439ce",839316225,1,"ac52ffb8ef27ea058fff9447d6e6ed11"
"f0b6ab0b0340041e4f5ccef642294001",846709267,1,"ab877d4a47ab5718c8d5e17751fb3a97"
"528e079f134eda2cf62a67d18d65da9e",843626917,1,"30047d8e9d013a2b29190a5185bd2860"
"e9bb89d4729e18d82bfe6186f95439ce",843714317,1,"0d6a6a7fee16b0bd81c55e59bd9acd68"
"6ee5fa583de16915691122714514c7b0",840236627,1,"d8db49aa7b72f9e99b82b637cda29bc7"
"e69c66f433ddec087fa8ffa725205014",844011014,1,"789aebb4a4fd65b34c69b4dda48b0491"
"e9bb89d4729e18d82bfe6186f95439ce",850029001,1,"9c1cdf19c08280246c344e66fd630900"
"caf75e47cd29520fc2f5986e172fb056",844148654,1,"3d65daf562c0ca2b88474b6bf54de464"
"cc4a9dffd8b714efd9722faf9f983979",847292346,1,"d880cc2d11cf5e306a3e40121567c0ce"
"ddcfd70143fc149d78850fc41f6b5da7",847404574,1,"808c86b7db2f438200a6518928901f84"
"1119b680e31631594a87f5d41bed7127",847404574,1,"2b54afc0cd876c8ce6518a6043b862c8"
"e56006144450b9593931a3af0a462d20",837301369,1,"86fcc8cbe5d4e415c4502a411706cb12"
"ff20fc37917757d5a87ff2afba98848f",837373154,1,"349f01aea0aa7ed436598564af8f8611"
"8943316de06f61be2c2d0dc64c481ed6",840855120,1,"2e3bcd484b7bf10f3e2cd0add710c3f3"
"caf75e47cd29520fc2f5986e172fb056",844477574,1,"e591ac62277a2dd411cca93b9498246d"
"359c9364ee10e8b1612576a7a9c80225",841191667,1,"0f7a8d63dcdb3e60856704bae34b02a5"
"bb39647c56bfad8ec8edfe56b1ec5bac",845057213,1,"d3a69f73ca48df8b61ba036d87f52648"
"486ab8a10dfe09c5573113a7cfba607f",848115451,1,"ac49eaee619130deedc190a6dc801b17"
"4efbbb55ddc5b0f2f4717b6e20f8444f",838004247,1,"19ab98b15eba98df21f1c5072494d657"
"1549a99651f9094fbdef430192424c81",845232396,1,"a324c80ec9f895e1258351569dd7fe45"
"ba5f8970d68351d074919fb9fa1adf70",838099587,1,"f1e369c09d840f1ca20b730bc8c0e5b7"
"7acc931bb82f16387fb1f227f6ccfac4",842269497,1,"57cedb4f6c13298925b26c5e24bedbd8"
"cc4a9dffd8b714efd9722faf9f983979",842303701,1,"8c067f5dcce527c9f526e337e1a2b615"
"f88458233ed35e86395e6920bacad35a",842539916,1,"57d62e442a97eb2dce168530e713883b"
"359c9364ee10e8b1612576a7a9c80225",838618644,1,"ff45198932e14323951a1dd492bbe600"
"cc4a9dffd8b714efd9722faf9f983979",835712441,1,"dfcd06c6de68ca62a167bcf318da3971"
"029d50d360d514fe2c959858c3a68f0a",832091592,1,"df609808360cb94432f1809af67a8575"
"ff20fc37917757d5a87ff2afba98848f",826020465,1,"62fef421a6e97b067a7d95ab727446a8"
"1549a99651f9094fbdef430192424c81",828724908,1,"586530158547c8f7daf9b040264e3497"
"b91e5616bb6e429a732d1043b526af0b",836287166,1,"fd46f22c6966f98188dbb7b19ccba8b7"
"ff20fc37917757d5a87ff2afba98848f",829310320,1,"0203a506fb60a5792d63235f117ed9db"
"486ab8a10dfe09c5573113a7cfba607f",833528133,1,"e272953b0baedb80c7a92b8fb06cf5fb"
"ff00d21042633c9728538e4595c8bf1b",833691506,1,"d30d857c3d23bfe96dd864c632166e3d"
"2bc268ed04a0a3d541055ffb57194513",836857449,1,"8821edbb81e0804110937480b9b50f2b"
"ff00d21042633c9728538e4595c8bf1b",829473562,1,"73fa55b99b9086da95ea392e19f503d1"
"e9bb89d4729e18d82bfe6186f95439ce",823770667,1,"2af2af5c962650e9b2c0b1ce3b5c9386"
"ff20fc37917757d5a87ff2afba98848f",826908826,1,"f914c89ab716c33f431fb3557ebdf867"
"ba5f8970d68351d074919fb9fa1adf70",829616494,1,"ee01fb8c20c0f365c7f1ac36d0736724"
"8943316de06f61be2c2d0dc64c481ed6",829735359,1,"fca29a75fa6e9b68c1d37522620f855a"
"dd8116d3e74520f9f97207994ef128b2",827133638,1,"f1df394e14df8a11924a0c389638e6f1"
"1549a99651f9094fbdef430192424c81",834196894,1,"0232d0705c8bb43d44f0a1aaca164bcb"
"8943316de06f61be2c2d0dc64c481ed6",830470459,1,"c74dcb8e922747fc1b16fc4156286aa1"
"359c9364ee10e8b1612576a7a9c80225",830654828,1,"984e0a21d430cf666a6d39380f0c5763"
"ba5f8970d68351d074919fb9fa1adf70",830741956,1,"d13487d2173a355270b7ac1cff1f65f9"
"f88458233ed35e86395e6920bacad35a",824834497,1,"b716d1edef8a55f07bf80df79d8a4a77"
"e69c66f433ddec087fa8ffa725205014",827745000,1,"2f9f924d4420dcdd4fe6c24748958b6b"
"8943316de06f61be2c2d0dc64c481ed6",831018717,1,"0cbdf3dc013d5d2c0b481045ab0199c2"
"ba5f8970d68351d074919fb9fa1adf70",835309161,1,"fe60e816a690e2e1cbc7bf68b9e67466"
"035a5f01ebe9d366bc66c8d9aa361d11",873490499,1,"46e11f83ad8b01cc5f1e3a6c1b13aace"
"e69c66f433ddec087fa8ffa725205014",864002040,1,"e7a298e3f3a1814d8bf703ca638feb39"
"8943316de06f61be2c2d0dc64c481ed6",864115636,1,"c4b2cf36872ac2fbee5f0dc35c2b6dbb"
"4efbbb55ddc5b0f2f4717b6e20f8444f",874078218,1,"3fb16cdc8b166fcbbef44f0e699ef072"
"029d50d360d514fe2c959858c3a68f0a",864389144,1,"b99fc9fa49753c3e8851886fc4ebdf00"
"a062fda62edb9dca5fcc3c6f789e7bf2",864459827,1,"413429bb4ebc0f0dc464a416bfc6dee2"
"8e42abe73fde3115065d79784ecf8bf5",866661021,1,"2374a94f35922ba31cf0872eae947a8a"
"6ce7e77344ab9981362b0d2be606df69",870707506,1,"9f61007cbd9a545a3efe67c0d5aeb143"
"bb39647c56bfad8ec8edfe56b1ec5bac",867152944,1,"110d3151502b4981be9456306560d002"
"fac6504a36906835dcddd1380cb38d9e",867459222,1,"2965cfa391ddbd2875f5e74775b557ee"
"cc4a9dffd8b714efd9722faf9f983979",865318956,1,"e8484436455a3f6c2d8ce08e2fca8039"
"0f2f46234928dcce73ec5dbb683bd17a",867789642,1,"5d5e2faa8c17de6631dd3e5e52078218"
"029d50d360d514fe2c959858c3a68f0a",862282114,1,"a4ee3e6e03ec8ddd9743904528887f29"
"ba5f8970d68351d074919fb9fa1adf70",865390356,1,"2a299534cd359f37c5a00e1e8942b384"
"035a5f01ebe9d366bc66c8d9aa361d11",865628916,1,"2adf98c73042630aa07d93d0fc7decef"
"ba5f8970d68351d074919fb9fa1adf70",868246470,1,"095e6821c25d7abc5097c54e9bd13a6a"
"fac6504a36906835dcddd1380cb38d9e",868251832,1,"3823e65c3b2fd906f7606cdb892bcb97"
"8943316de06f61be2c2d0dc64c481ed6",865707748,1,"88d47234a8fffa0d4c6c0e9c964d5e63"
"8943316de06f61be2c2d0dc64c481ed6",865786516,1,"50a788fccc8c6e758e4b90cd7580b2cb"
"62929c2bd8065e7bfcbf9e0b6ba67593",872888706,1,"2bc12c1beea2a5708896b3baef215081"
"486ab8a10dfe09c5573113a7cfba607f",872888706,1,"c810979718259346acb3a4833ac2bba9"
"924aba7f43c50700c8b6da527117483e",863077268,1,"e301d38d2fede382f76a49458a0dddea"
"f88458233ed35e86395e6920bacad35a",863363363,1,"21d80b9708b5090bdc6bb039cc61cebf"
"e69c66f433ddec087fa8ffa725205014",863483446,1,"7704e4db3e5c0c274ff606555d86a199"
"8943316de06f61be2c2d0dc64c481ed6",869772760,1,"36081c534ea4b2efa5a5d40875945546"
"beab53b781babc3f7d760bd73569c6bc",869819842,1,"1690f79577443e2667508ec96dd6aa10"
"b79695759026c4e4fc95f08dc51e0bd1",869819842,1,"bb4060c98923b0948291216856f8ad16"
"0f2f46234928dcce73ec5dbb683bd17a",858744637,1,"33d226a83fd4a55cffa6834d914c2f8b"
"06fced581761312144a52662d177a750",858744637,1,"d400a851512dbe463191dcf712b4b100"
"ff20fc37917757d5a87ff2afba98848f",861389537,1,"dedaf6b3aafde11a04f891051df5eff7"
"06fced581761312144a52662d177a750",861534842,1,"8cac2ca7f251b28f190721ed333a9a87"
"6ee5fa583de16915691122714514c7b0",861575195,1,"0d6e21d5e12fb30b6b1e5ab7a39fac0b"
"6ce7e77344ab9981362b0d2be606df69",852437840,1,"00380dff5b3cbb2eb5f6262107d591e2"
"359c9364ee10e8b1612576a7a9c80225",855896441,1,"0b6fa3f88fb1d09478077befb95dbdd0"
"359c9364ee10e8b1612576a7a9c80225",861723296,1,"6e06e91a3ea8a79f3c4786eb0252c5c4"
"ba5f8970d68351d074919fb9fa1adf70",859275923,1,"78f81e5b45c118bad1ac0ff9c58b1403"
"4efbbb55ddc5b0f2f4717b6e20f8444f",861819567,1,"ef9fea8da08b1410087c0d31542e92e4"
"035a5f01ebe9d366bc66c8d9aa361d11",859524850,1,"599f9db93c45ccef5935b290af963233"
"f0b6ab0b0340041e4f5ccef642294001",861860603,1,"de8f893ebf2113587db906c80377cdae"
"ba5f8970d68351d074919fb9fa1adf70",856447856,1,"cc08191e7b9f7d67af0385f21300ae93"
"beab53b781babc3f7d760bd73569c6bc",859591409,1,"d85e3373615194714aa90154983f14ae"
"359c9364ee10e8b1612576a7a9c80225",861901125,1,"5f145b566d9cae7e92f8effa6cd77738"
"dd8116d3e74520f9f97207994ef128b2",859833491,1,"c26e9fcbd4d718b97bfbd478432f1928"
"486ab8a10dfe09c5573113a7cfba607f",853221112,1,"1abcaaa1c49ec18becb4a4751589cc4a"
"ba5f8970d68351d074919fb9fa1adf70",860033673,1,"be357b505d671697b1f1cdd43d91d693"
"bb39647c56bfad8ec8edfe56b1ec5bac",850368797,1,"5b0044dfce0809dc3376f5ddc41df4cb"
"ba5f8970d68351d074919fb9fa1adf70",860274858,1,"716200d75bfde42069f17b5f310825c5"
"6ee5fa583de16915691122714514c7b0",850748337,1,"fb68479d954197930d95f800957cdcce"
"1549a99651f9094fbdef430192424c81",854171619,1,"0052935f46912ac247f72e72e1d8df32"
"528e079f134eda2cf62a67d18d65da9e",857161156,1,"66de64327fd843fa6121245d2aef37b0"
"e9bb89d4729e18d82bfe6186f95439ce",857518639,1,"ddde6ecb69500e87033ce2d0715e02b3"
"bb39647c56bfad8ec8edfe56b1ec5bac",857626836,1,"a38336c07760f519cf933c1b74599520"
"1119b680e31631594a87f5d41bed7127",860655128,1,"aaf2a843259389bec60d61bedd9bbfe2"
"f88458233ed35e86395e6920bacad35a",857820514,1,"265fb79f8b05c9dca2d6fe9923a8bbca"
"e69c66f433ddec087fa8ffa725205014",857958618,1,"8f78d73107843214a02a06691372b9aa"
"ff20fc37917757d5a87ff2afba98848f",858033079,1,"a680f4049b84a68bcfe526536efb873f"
"2b65538d4f0c25beee6e5c46e6f90269",860850045,1,"3df88e91e76f7c21160702bec6db1848"
"e69c66f433ddec087fa8ffa725205014",851622381,1,"1935747412462f115bc91993ff3477b1"
"bb39647c56bfad8ec8edfe56b1ec5bac",851625511,1,"223b41c0fba1379fb45b82223f0592a8"
"8e42abe73fde3115065d79784ecf8bf5",855159977,1,"cbced43e3ff001ec936acd2daf606e1d"
"bb39647c56bfad8ec8edfe56b1ec5bac",855194244,1,"a965de650b87f2eefbb8f8242dd4c598"
"fac6504a36906835dcddd1380cb38d9e",858372211,1,"4760575f9aff3bb9adfa024635d22757"
"6ee5fa583de16915691122714514c7b0",861297532,1,"14733c8df83c715046d133b5e241d531"
"029d50d360d514fe2c959858c3a68f0a",851796718,1,"eb742497adb265cd519b201dfe1fafe1"
"6ce7e77344ab9981362b0d2be606df69",895396764,1,"ff49e525b2726fa3af23b6d899254108"
"dd8116d3e74520f9f97207994ef128b2",895453643,1,"7ee3ef60cad90d6e59a17afa33032bc5"
"e69c66f433ddec087fa8ffa725205014",892880157,1,"35f551cb958e70db4ac9dd0541b2818a"
"8943316de06f61be2c2d0dc64c481ed6",892963845,1,"f25ac57b5b2be3e24e0f7e433ea12821"
"4efbbb55ddc5b0f2f4717b6e20f8444f",898970055,1,"67f8c7a9dfd3d068daf2c09f9d845dc4"
"6ee5fa583de16915691122714514c7b0",889953113,1,"514099d0ab3c72f8b25ee387b707c69e"
"ff20fc37917757d5a87ff2afba98848f",893203591,1,"566e8db6be8d49f261ae30f8018717e6"
"a062fda62edb9dca5fcc3c6f789e7bf2",895871150,1,"d027cd680fd062a97d6111d8407496d0"
"359c9364ee10e8b1612576a7a9c80225",891013124,1,"3a94b3120d194c8a6fe3c0ab8b93dc99"
"a7095c3e2ced5b12fa14ae4e2a01cc22",893518308,1,"18800261eec16e6e1ae726b20a64a615"
"8943316de06f61be2c2d0dc64c481ed6",896744362,1,"ba63807685de068f15d7c679d8873a90"
"2b65538d4f0c25beee6e5c46e6f90269",893711331,1,"18f46189a2aa2ac3133da70af397a531"
"a062fda62edb9dca5fcc3c6f789e7bf2",887134753,1,"24a7b13f04e517e3079dffd98bbc258c"
"528e079f134eda2cf62a67d18d65da9e",887187484,1,"77b068e1e7c56cee4255e3d53e614772"
"8c35bd2b1c889b34210b6f39bf9b30b2",894360607,1,"f5b908b477b10ce0063b9edc2e3d3e75"
"1549a99651f9094fbdef430192424c81",887363971,1,"b4e7d92db3ce35536b0a688ece7d9578"
"a7095c3e2ced5b12fa14ae4e2a01cc22",891833547,1,"019bbea5d1a1a252068f37ffe98ff1a2"
"bb39647c56bfad8ec8edfe56b1ec5bac",891870972,1,"f930efa8deddd671051596831190714d"
"6ce7e77344ab9981362b0d2be606df69",897496560,1,"839190c9442f016b613c6f1e62288221"
"6ce7e77344ab9981362b0d2be606df69",892146159,1,"2a4e343d7e46df7fa0a8d6171759b171"
"6ee5fa583de16915691122714514c7b0",887653745,1,"f12a7e5509d7d2757846f9e5f6b91ea4"
"ff00d21042633c9728538e4595c8bf1b",892437273,1,"6e47c3235142d5630fed59754441f95d"
"1549a99651f9094fbdef430192424c81",894798903,1,"fe387905fd9c3e1966481ce71755edfe"
"8943316de06f61be2c2d0dc64c481ed6",897945675,1,"41af1143bb30286205851b9bedce567f"
"bb39647c56bfad8ec8edfe56b1ec5bac",889073471,1,"24233794915b90330cdee359d80ca17c"
"f0b6ab0b0340041e4f5ccef642294001",892564341,1,"66e9afac0d381c177f1cc0c0677b4441"
"7acc931bb82f16387fb1f227f6ccfac4",892564341,1,"7dd9016a86a0fffd73e4a2e3f890b8dc"
"ff20fc37917757d5a87ff2afba98848f",897996693,1,"660b577d1e6556c768b98cb4ce9043e8"
"1aaafabda071d938ff29374cf9f2078c",895048399,1,"8982a7b055cd2c8189dfc00c3c8ba2ce"
"6ee5fa583de16915691122714514c7b0",898358856,1,"3802cf17fc807dd8a9beb196213ad0b6"
"0f2f46234928dcce73ec5dbb683bd17a",889582011,1,"0e8e60c6d0a90611194c747155d9c4a1"
"d2d59a5b9d84ed52d847568f5044bc8a",889747511,1,"0f383ba61e04b588dfe1ca0967efce50"
"486ab8a10dfe09c5573113a7cfba607f",882756610,1,"821260b99cf27a15ab445a4659f581e4"
"8943316de06f61be2c2d0dc64c481ed6",882885409,1,"47404cd98a476d2fb025aadfdb79a160"
"cc4a9dffd8b714efd9722faf9f983979",885673992,1,"2224e0f425897a19f399f62fef779acc"
"ba5f8970d68351d074919fb9fa1adf70",879893137,1,"538f015beb951c3d7ac347c7ef2169ac"
"b79695759026c4e4fc95f08dc51e0bd1",880072658,1,"e42d194230b8184ba978b10b360a640d"
"8e42abe73fde3115065d79784ecf8bf5",883522485,1,"8290b1c2c34a040c73d36c513e10a96c"
"ff20fc37917757d5a87ff2afba98848f",877959295,1,"bdc0330fccf2005040fcc56346bbe954"
"924aba7f43c50700c8b6da527117483e",880315926,1,"2d54162d441c42da87696efa854ec883"
"76dc32a049670ff33636396b6a148030",883682408,1,"3d1a0719e5240ac514655650468fc1b3"
"cc4a9dffd8b714efd9722faf9f983979",878066598,1,"266fceb3f6f9708e92c4b32e9623a31a"
"f88458233ed35e86395e6920bacad35a",878178989,1,"1d23fe6b5186155a1751dc94c50c2166"
"a062fda62edb9dca5fcc3c6f789e7bf2",880546211,1,"27aaf198b3402f32b80d66cf12113784"
"b91e5616bb6e429a732d1043b526af0b",880549838,1,"b5856163937931471cc976f2992b5159"
"e69c66f433ddec087fa8ffa725205014",883787452,1,"3d6bae0daa00af7257dfecf26e02e910"
"cc4a9dffd8b714efd9722faf9f983979",886356986,1,"c2176321fbb8efbe0610cc7152b49d26"
"528e079f134eda2cf62a67d18d65da9e",880625707,1,"8975584a5e2b2014415893d13a82467f"
"caf75e47cd29520fc2f5986e172fb056",880667986,1,"e50f5b9b0027779b487a1d9141a1fb8c"
"f88458233ed35e86395e6920bacad35a",883952591,1,"7deae29847f7fb4292f563df1fc9d7ad"
"a062fda62edb9dca5fcc3c6f789e7bf2",884067087,1,"c8dd22c9d1646e20dbabcbacdc3f3bc7"
"486ab8a10dfe09c5573113a7cfba607f",875356774,1,"8eefd847bc8f73ce1361a46335ab3c27"
"b79695759026c4e4fc95f08dc51e0bd1",880990381,1,"35d94498708dfae4f4fc3f41937c1539"
"e9bb89d4729e18d82bfe6186f95439ce",881205419,1,"5a65c2f96683bf48fe95739d6b3eef6b"
"2b65538d4f0c25beee6e5c46e6f90269",881219545,1,"7f68fdf3ba37e2e738a1343e956d0e98"
"b91e5616bb6e429a732d1043b526af0b",884268917,1,"afbf3af2be2349dd928c4033f745bec8"
"a7095c3e2ced5b12fa14ae4e2a01cc22",881459857,1,"fd96900e4b6373b049bcc6ed54be20a6"
"dd8116d3e74520f9f97207994ef128b2",879068772,1,"a86a654a50679745554f845313578ddc"
"ff20fc37917757d5a87ff2afba98848f",881724438,1,"1799cd93b14b5e655f0940a967aa1f01"
"cc4a9dffd8b714efd9722faf9f983979",884782126,1,"efdc94750609b82642739ca980f3e8cd"
"ba5f8970d68351d074919fb9fa1adf70",875814218,1,"72d4f65052cc56a197278234df176909"
"8e42abe73fde3115065d79784ecf8bf5",879305224,1,"5954c741a4eed92a0bfbde457351f708"
"029d50d360d514fe2c959858c3a68f0a",881825488,1,"f31bb863b3ebb2533000152aa8179548"
"f88458233ed35e86395e6920bacad35a",881920585,1,"3b5498b8a33ee01dc25c4c24a6f9b906"
"e69c66f433ddec087fa8ffa725205014",885090332,1,"a26ffdbd28c8a1da82253cbb01b9d98d"
"a062fda62edb9dca5fcc3c6f789e7bf2",885489228,1,"27f0f16a49746785a2c645241607f4d9"
"1549a99651f9094fbdef430192424c81",885519774,1,"c423f8c8529662dda059f7854434e821"
"f88458233ed35e86395e6920bacad35a",876763574,1,"0c749d264bb620b13e3f77b7c60be5a7"
"e9bb89d4729e18d82bfe6186f95439ce",879815828,1,"7f09f1a360ce85cd2f1cda831194c593"
"f0b6ab0b0340041e4f5ccef642294001",882565956,1,"1331152ab4ee2a2104c38c5e0e1a73ce"
"359c9364ee10e8b1612576a7a9c80225",882591896,1,"49d65696ca08edd60fd8d7b9b8a532e5"
